taxonKey,scientificName,acceptedTaxonKey,acceptedScientificName,numberOfOccurrences,taxonRank,taxonomicStatus,kingdom,kingdomKey,phylum,phylumKey,class,classKey,order,orderKey,family,familyKey,genus,genusKey,species,speciesKey,iucnRedListCategory
4932234,Dactylis glomerata subsp. hispanica (Roth) Nyman,4932234,Dactylis glomerata subsp. hispanica (Roth) Nyman,103,SUBSPECIES,ACCEPTED,Plantae,6,Tracheophyta,7707728,Liliopsida,196,Poales,1369,Poaceae,3073,Dactylis,2705307.0,Dactylis glomerata,2705308.0,
2795869,Cephalanthera longifolia (L.) Fritsch,2795869,Cephalanthera longifolia (L.) Fritsch,2,SPECIES,ACCEPTED,Plantae,6,Tracheophyta,7707728,Liliopsida,196,Asparagales,1169,Orchidaceae,7689,Cephalanthera,2795844.0,Cephalanthera longifolia,2795869.0,Not Evaluated
3045178,Alyssum granatense Boiss. & Reut.,3045178,Alyssum granatense Boiss. & Reut.,1,SPECIES,ACCEPTED,Plantae,6,Tracheophyta,7707728,Magnoliopsida,220,Brassicales,7225535,Brassicaceae,3112,Alyssum,3044728.0,Alyssum granatense,3045178.0,Not Evaluated
3899231,Ziziphora hispanica L.,3899231,Ziziphora hispanica L.,1,SPECIES,ACCEPTED,Plantae,6,Tracheophyta,7707728,Magnoliopsida,220,Lamiales,408,Lamiaceae,2497,Ziziphora,7308760.0,Ziziphora hispanica,3899231.0,Not Evaluated
5578470,Globularia alypum Delile,5578470,Globularia alypum Delile,1,SPECIES,DOUBTFUL,Plantae,6,Tracheophyta,7707728,Magnoliopsida,220,Lamiales,408,Plantaginaceae,2420,Globularia,3233698.0,Globularia alypum,5578470.0,Not Evaluated
5668144,"Armeria filicaulis subsp. nevadensis Nieto Fel., Rosselló & Fuertes",5668144,"Armeria filicaulis subsp. nevadensis Nieto Fel., Rosselló & Fuertes",6,SUBSPECIES,ACCEPTED,Plantae,6,Tracheophyta,7707728,Magnoliopsida,220,Caryophyllales,422,Plumbaginaceae,2419,Armeria,3082288.0,Armeria filicaulis,7298105.0,
8162318,"Ephedra distachya Forssk., 1775",8162318,"Ephedra distachya Forssk., 1775",1,SPECIES,DOUBTFUL,Plantae,6,Tracheophyta,7707728,Gnetopsida,282,Ephedrales,424,Ephedraceae,3114,Ephedra,2653237.0,Ephedra distachya,8162318.0,Not Evaluated
3121319,Artemisia absinthium L.,3121319,Artemisia absinthium L.,3,SPECIES,ACCEPTED,Plantae,6,Tracheophyta,7707728,Magnoliopsida,220,Asterales,414,Asteraceae,3065,Artemisia,3120641.0,Artemisia absinthium,3121319.0,Not Evaluated
3742445,Anarrhinum laxiflorum Boiss.,3742445,Anarrhinum laxiflorum Boiss.,1,SPECIES,ACCEPTED,Plantae,6,Tracheophyta,7707728,Magnoliopsida,220,Lamiales,408,Plantaginaceae,2420,Anarrhinum,7333412.0,Anarrhinum laxiflorum,3742445.0,Not Evaluated
10356062,Lathyrus L.,10356062,Lathyrus L.,6,GENUS,ACCEPTED,Plantae,6,Tracheophyta,7707728,Magnoliopsida,220,Fabales,1370,Fabaceae,5386,Lathyrus,10356062.0,,,Not Evaluated
4033064,Rumex induratus Boiss. & Reut.,4033064,Rumex induratus Boiss. & Reut.,19,SPECIES,ACCEPTED,Plantae,6,Tracheophyta,7707728,Magnoliopsida,220,Caryophyllales,422,Polygonaceae,2416,Rumex,2888942.0,Rumex induratus,4033064.0,Not Evaluated
8378518,"Sideritis hirsuta Gouan, 1764",2927298,Stachys recta L.,3,SPECIES,SYNONYM,Plantae,6,Tracheophyta,7707728,Magnoliopsida,220,Lamiales,408,Lamiaceae,2497,Stachys,2927228.0,Stachys recta,2927298.0,Not Evaluated
4251778,Hieracium pilosella subsp. tricholepium Nägeli & Peter,3122946,Pilosella ×tricholepia (Nägeli & Peter) Dostál,144,SUBSPECIES,SYNONYM,Plantae,6,Tracheophyta,7707728,Magnoliopsida,220,Asterales,414,Asteraceae,3065,Pilosella,8179194.0,Pilosella tricholepia,3122946.0,
3002461,Rosa canina L.,3002461,Rosa canina L.,108,SPECIES,ACCEPTED,Plantae,6,Tracheophyta,7707728,Magnoliopsida,220,Rosales,691,Rosaceae,5015,Rosa,8395064.0,Rosa canina,3002461.0,Not Evaluated
2747328,Crocus nevadensis Amo & Campo,2747328,Crocus nevadensis Amo & Campo,2,SPECIES,ACCEPTED,Plantae,6,Tracheophyta,7707728,Liliopsida,196,Asparagales,1169,Iridaceae,7698,Crocus,2747303.0,Crocus nevadensis,2747328.0,Least Concern
3120786,Artemisia barrelieri Besser,3120786,Artemisia barrelieri Besser,13,SPECIES,ACCEPTED,Plantae,6,Tracheophyta,7707728,Magnoliopsida,220,Asterales,414,Asteraceae,3065,Artemisia,3120641.0,Artemisia barrelieri,3120786.0,Not Evaluated
5611658,Cytisus scoparius subsp. reverchonii (Degen & Hervier) Rivas Goday & Rivas Mart.,5611658,Cytisus scoparius subsp. reverchonii (Degen & Hervier) Rivas Goday & Rivas Mart.,36,SUBSPECIES,ACCEPTED,Plantae,6,Tracheophyta,7707728,Magnoliopsida,220,Fabales,1370,Fabaceae,5386,Cytisus,8089532.0,Cytisus scoparius,5354656.0,
2977757,Erinacea anthyllis Link,2977757,Erinacea anthyllis Link,79,SPECIES,ACCEPTED,Plantae,6,Tracheophyta,7707728,Magnoliopsida,220,Fabales,1370,Fabaceae,5386,Erinacea,2977754.0,Erinacea anthyllis,2977757.0,Not Evaluated
5529030,Paronychia suffruticosa (L.) DC.,5529030,Paronychia suffruticosa (L.) DC.,108,SPECIES,ACCEPTED,Plantae,6,Tracheophyta,7707728,Magnoliopsida,220,Caryophyllales,422,Caryophyllaceae,2518,Paronychia,8020237.0,Paronychia suffruticosa,5529030.0,Not Evaluated
2952882,Bituminaria bituminosa (L.) C.H.Stirt.,2952882,Bituminaria bituminosa (L.) C.H.Stirt.,9,SPECIES,ACCEPTED,Plantae,6,Tracheophyta,7707728,Magnoliopsida,220,Fabales,1370,Fabaceae,5386,Bituminaria,2952881.0,Bituminaria bituminosa,2952882.0,Not Evaluated
7597782,"Juncus inflexus With., 1776",7597782,"Juncus inflexus With., 1776",2,SPECIES,DOUBTFUL,Plantae,6,Tracheophyta,7707728,Liliopsida,196,Poales,1369,Juncaceae,5353,Juncus,2701072.0,Juncus inflexus,7597782.0,Not Evaluated
3895815,Teucrium lerrouxii Sennen,3898475,Teucrium aureum subsp. turdetanum Devesa & Valdés Berm.,5,SPECIES,SYNONYM,Plantae,6,Tracheophyta,7707728,Magnoliopsida,220,Lamiales,408,Lamiaceae,2497,Teucrium,2926895.0,Teucrium aureum,7308731.0,Not Evaluated
7956124,Sorbus aria Wimm. ex Nyman,7956124,Sorbus aria Wimm. ex Nyman,13,SPECIES,DOUBTFUL,Plantae,6,Tracheophyta,7707728,Magnoliopsida,220,Rosales,691,Rosaceae,5015,Sorbus,3012146.0,Sorbus aria,7956124.0,Not Evaluated
6439389,Chaenorhinum minus subsp. minus,6439389,Chaenorhinum minus subsp. minus,2,SUBSPECIES,ACCEPTED,Plantae,6,Tracheophyta,7707728,Magnoliopsida,220,Lamiales,408,Plantaginaceae,2420,Chaenorhinum,3171668.0,Chaenorhinum minus,3171669.0,
7267966,Arenaria armerina subsp. armerina,7267966,Arenaria armerina subsp. armerina,13,SUBSPECIES,ACCEPTED,Plantae,6,Tracheophyta,7707728,Magnoliopsida,220,Caryophyllales,422,Caryophyllaceae,2518,Arenaria,7937950.0,Arenaria armerina,7267965.0,
5356701,Lathyrus pratensis L.,5356701,Lathyrus pratensis L.,3,SPECIES,ACCEPTED,Plantae,6,Tracheophyta,7707728,Magnoliopsida,220,Fabales,1370,Fabaceae,5386,Lathyrus,10356062.0,Lathyrus pratensis,5356701.0,Least Concern
3022502,Prunus dulcis (Mill.) D.A.Webb,3022502,Prunus dulcis (Mill.) D.A.Webb,5,SPECIES,ACCEPTED,Plantae,6,Tracheophyta,7707728,Magnoliopsida,220,Rosales,691,Rosaceae,5015,Prunus,3020559.0,Prunus dulcis,3022502.0,Not Evaluated
3892431,Teucrium webbianum Boiss.,3892431,Teucrium webbianum Boiss.,1,SPECIES,ACCEPTED,Plantae,6,Tracheophyta,7707728,Magnoliopsida,220,Lamiales,408,Lamiaceae,2497,Teucrium,2926895.0,Teucrium webbianum,3892431.0,Not Evaluated
7385922,Crepis albida Bory & Chaub.,8058560,Crepis incana Sibth. & Sm.,1,SPECIES,SYNONYM,Plantae,6,Tracheophyta,7707728,Magnoliopsida,220,Asterales,414,Asteraceae,3065,Crepis,3143303.0,Crepis incana,8058560.0,Not Evaluated
4148798,Avenula bromoides subsp. pauneroi Romero Zarco,7468852,Helictochloa bromoides subsp. pauneroi (Romero Zarco) Romero Zarco,74,SUBSPECIES,SYNONYM,Plantae,6,Tracheophyta,7707728,Liliopsida,196,Poales,1369,Poaceae,3073,Helictochloa,9459144.0,Helictochloa bromoides,6559940.0,
5598572,Lonicera splendida Boiss.,5598572,Lonicera splendida Boiss.,3,SPECIES,ACCEPTED,Plantae,6,Tracheophyta,7707728,Magnoliopsida,220,Dipsacales,946,Caprifoliaceae,6710,Lonicera,2888645.0,Lonicera splendida,5598572.0,Not Evaluated
3105391,Carlina corymbosa L.,3105391,Carlina corymbosa L.,91,SPECIES,ACCEPTED,Plantae,6,Tracheophyta,7707728,Magnoliopsida,220,Asterales,414,Asteraceae,3065,Carlina,3105349.0,Carlina corymbosa,3105391.0,Not Evaluated
3048479,Erysimum baeticum (Heywood) Polatschek,3048479,Erysimum baeticum (Heywood) Polatschek,2,SPECIES,ACCEPTED,Plantae,6,Tracheophyta,7707728,Magnoliopsida,220,Brassicales,7225535,Brassicaceae,3112,Erysimum,3048056.0,Erysimum baeticum,3048479.0,Not Evaluated
3066236,Euphorbia nevadensis Boiss. & Reut.,3066236,Euphorbia nevadensis Boiss. & Reut.,12,SPECIES,ACCEPTED,Plantae,6,Tracheophyta,7707728,Magnoliopsida,220,Malpighiales,1414,Euphorbiaceae,4691,Euphorbia,11397237.0,Euphorbia nevadensis,3066236.0,Least Concern
3595595,Fumana ericifolia Wallr.,3595595,Fumana ericifolia Wallr.,3,SPECIES,ACCEPTED,Plantae,6,Tracheophyta,7707728,Magnoliopsida,220,Malvales,941,Cistaceae,6635,Fumana,7331269.0,Fumana ericifolia,3595595.0,Not Evaluated
3189486,Hypericum perforatum L.,3189486,Hypericum perforatum L.,18,SPECIES,ACCEPTED,Plantae,6,Tracheophyta,7707728,Magnoliopsida,220,Malpighiales,1414,Hypericaceae,4900406,Hypericum,3189452.0,Hypericum perforatum,3189486.0,Not Evaluated
7331286,Halimium atriplicifolium (Lam.) Spach,7331286,Halimium atriplicifolium (Lam.) Spach,21,SPECIES,ACCEPTED,Plantae,6,Tracheophyta,7707728,Magnoliopsida,220,Malvales,941,Cistaceae,6635,Halimium,6437972.0,Halimium atriplicifolium,7331286.0,Not Evaluated
3128025,Centaurea ornata Willd.,3128025,Centaurea ornata Willd.,29,SPECIES,ACCEPTED,Plantae,6,Tracheophyta,7707728,Magnoliopsida,220,Asterales,414,Asteraceae,3065,Centaurea,3127469.0,Centaurea ornata,3128025.0,Not Evaluated
8196507,Pinus nigra Aiton,5284802,Picea mariana (Mill.) Britton et al.,103,SPECIES,SYNONYM,Plantae,6,Tracheophyta,7707728,Pinopsida,194,Pinales,640,Pinaceae,3925,Picea,7606064.0,Picea mariana,5284802.0,Not Evaluated
5372513,Salix alba L.,5372513,Salix alba L.,2,SPECIES,ACCEPTED,Plantae,6,Tracheophyta,7707728,Magnoliopsida,220,Malpighiales,1414,Salicaceae,6664,Salix,3039576.0,Salix alba,5372513.0,Least Concern
3034426,Eryngium campestre L.,3034426,Eryngium campestre L.,128,SPECIES,ACCEPTED,Plantae,6,Tracheophyta,7707728,Magnoliopsida,220,Apiales,1351,Apiaceae,6720,Eryngium,3034387.0,Eryngium campestre,3034426.0,Not Evaluated
7477337,Pimpinella tragium subsp. lithophila (Schischk.) Tutin,7477337,Pimpinella tragium subsp. lithophila (Schischk.) Tutin,2,SUBSPECIES,ACCEPTED,Plantae,6,Tracheophyta,7707728,Magnoliopsida,220,Apiales,1351,Apiaceae,6720,Pimpinella,3034784.0,Pimpinella tragium,6026779.0,
2878826,Quercus pyrenaica Willd.,2878826,Quercus pyrenaica Willd.,41,SPECIES,ACCEPTED,Plantae,6,Tracheophyta,7707728,Magnoliopsida,220,Fagales,1354,Fagaceae,4689,Quercus,2877951.0,Quercus pyrenaica,2878826.0,Least Concern
2892953,Putoria calabrica (L.f.) DC.,3846360,Plocama calabrica (L.f.) M.Backlund & Thulin,9,SPECIES,SYNONYM,Plantae,6,Tracheophyta,7707728,Magnoliopsida,220,Gentianales,412,Rubiaceae,8798,Plocama,2904110.0,Plocama calabrica,3846360.0,Not Evaluated
4124641,Festuca elegans Boiss.,4124641,Festuca elegans Boiss.,56,SPECIES,ACCEPTED,Plantae,6,Tracheophyta,7707728,Liliopsida,196,Poales,1369,Poaceae,3073,Festuca,2704913.0,Festuca elegans,4124641.0,Not Evaluated
4151693,Koeleria crassipes Lange,4151693,Koeleria crassipes Lange,2,SPECIES,ACCEPTED,Plantae,6,Tracheophyta,7707728,Liliopsida,196,Poales,1369,Poaceae,3073,Koeleria,2705912.0,Koeleria crassipes,4151693.0,Not Evaluated
3640194,Ridolfia segetum (L.) Moris,3640194,Ridolfia segetum (L.) Moris,2,SPECIES,ACCEPTED,Plantae,6,Tracheophyta,7707728,Magnoliopsida,220,Apiales,1351,Apiaceae,6720,Ridolfia,6027217.0,Ridolfia segetum,3640194.0,Not Evaluated
8625614,Lactuca viminea (L.) J.Presl & C.Presl,8625614,Lactuca viminea (L.) J.Presl & C.Presl,1,SPECIES,ACCEPTED,Plantae,6,Tracheophyta,7707728,Magnoliopsida,220,Asterales,414,Asteraceae,3065,Lactuca,3140231.0,Lactuca viminea,8625614.0,Not Evaluated
3113729,Cirsium odontolepis Boiss. ex DC.,3113729,Cirsium odontolepis Boiss. ex DC.,12,SPECIES,ACCEPTED,Plantae,6,Tracheophyta,7707728,Magnoliopsida,220,Asterales,414,Asteraceae,3065,Cirsium,3112554.0,Cirsium odontolepis,3113729.0,Not Evaluated
7311306,Daphne gnidium L.,7311306,Daphne gnidium L.,27,SPECIES,ACCEPTED,Plantae,6,Tracheophyta,7707728,Magnoliopsida,220,Malvales,941,Thymelaeaceae,2428,Daphne,3188453.0,Daphne gnidium,7311306.0,Not Evaluated
2768995,Asparagus acutifolius L.,2768995,Asparagus acutifolius L.,3,SPECIES,ACCEPTED,Plantae,6,Tracheophyta,7707728,Liliopsida,196,Asparagales,1169,Asparagaceae,7683,Asparagus,9527393.0,Asparagus acutifolius,2768995.0,Least Concern
5672783,Elymus hispanicus (Boiss.) Talavera,4107443,Elymus panormitanus (Parl.) Tzvelev,1,SPECIES,SYNONYM,Plantae,6,Tracheophyta,7707728,Liliopsida,196,Poales,1369,Poaceae,3073,Elymus,10465436.0,Elymus panormitanus,4107443.0,Not Evaluated
7960979,Urtica dioica L.,7960979,Urtica dioica L.,9,SPECIES,ACCEPTED,Plantae,6,Tracheophyta,7707728,Magnoliopsida,220,Rosales,691,Urticaceae,6639,Urtica,2984391.0,Urtica dioica,7960979.0,Least Concern
9624496,Allium L.,9624496,Allium L.,4,GENUS,ACCEPTED,Plantae,6,Tracheophyta,7707728,Liliopsida,196,Asparagales,1169,Amaryllidaceae,7682,Allium,9624496.0,,,
5352251,Robinia pseudoacacia L.,5352251,Robinia pseudoacacia L.,1,SPECIES,ACCEPTED,Plantae,6,Tracheophyta,7707728,Magnoliopsida,220,Fabales,1370,Fabaceae,5386,Robinia,2952066.0,Robinia pseudoacacia,5352251.0,Least Concern
7331278,Fumana thymifolia (L.) Spach,7331278,Fumana thymifolia (L.) Spach,36,SPECIES,DOUBTFUL,Plantae,6,Tracheophyta,7707728,Magnoliopsida,220,Malvales,941,Cistaceae,6635,Fumana,7331269.0,Fumana thymifolia,7331278.0,Not Evaluated
3127494,Centaurea monticola Boiss. ex DC.,3127494,Centaurea monticola Boiss. ex DC.,12,SPECIES,ACCEPTED,Plantae,6,Tracheophyta,7707728,Magnoliopsida,220,Asterales,414,Asteraceae,3065,Centaurea,3127469.0,Centaurea monticola,3127494.0,Not Evaluated
8208358,Plantago lanceolata L.,8208358,Plantago lanceolata L.,1,SPECIES,ACCEPTED,Plantae,6,Tracheophyta,7707728,Magnoliopsida,220,Lamiales,408,Plantaginaceae,2420,Plantago,3189695.0,Plantago lanceolata,8208358.0,Not Evaluated
2996929,Rubus ulmifolius Schott,2996929,Rubus ulmifolius Schott,40,SPECIES,ACCEPTED,Plantae,6,Tracheophyta,7707728,Magnoliopsida,220,Rosales,691,Rosaceae,5015,Rubus,2988638.0,Rubus ulmifolius,2996929.0,Not Evaluated
8185944,Rosa sicula Tratt.,3003781,Rosa pulverulenta M.Bieb.,38,SPECIES,SYNONYM,Plantae,6,Tracheophyta,7707728,Magnoliopsida,220,Rosales,691,Rosaceae,5015,Rosa,8395064.0,Rosa pulverulenta,3003781.0,Not Evaluated
7695794,Crepis oporinoides Boiss.,7695794,Crepis oporinoides Boiss.,1,SPECIES,DOUBTFUL,Plantae,6,Tracheophyta,7707728,Magnoliopsida,220,Asterales,414,Asteraceae,3065,Crepis,3143303.0,Crepis oporinoides,7695794.0,Not Evaluated
2701311,Juncus effusus L.,2701311,Juncus effusus L.,2,SPECIES,ACCEPTED,Plantae,6,Tracheophyta,7707728,Liliopsida,196,Poales,1369,Juncaceae,5353,Juncus,2701072.0,Juncus effusus,2701311.0,Least Concern
5354590,Cytisus grandiflorus DC.,5354590,Cytisus grandiflorus DC.,7,SPECIES,ACCEPTED,Plantae,6,Tracheophyta,7707728,Magnoliopsida,220,Fabales,1370,Fabaceae,5386,Cytisus,8089532.0,Cytisus grandiflorus,5354590.0,Not Evaluated
6370689,Capparis spinosa L.,6370689,Capparis spinosa L.,1,SPECIES,ACCEPTED,Plantae,6,Tracheophyta,7707728,Magnoliopsida,220,Brassicales,7225535,Capparaceae,3111,Capparis,3054191.0,Capparis spinosa,6370689.0,Least Concern
7307347,Thymus granatensis subsp. granatensis,7307347,Thymus granatensis subsp. granatensis,2,SUBSPECIES,ACCEPTED,Plantae,6,Tracheophyta,7707728,Magnoliopsida,220,Lamiales,408,Lamiaceae,2497,Thymus,2926960.0,Thymus granatensis,7307346.0,
3046765,Sisymbrium erysimoides Desf.,3046765,Sisymbrium erysimoides Desf.,6,SPECIES,ACCEPTED,Plantae,6,Tracheophyta,7707728,Magnoliopsida,220,Brassicales,7225535,Brassicaceae,3112,Sisymbrium,3046735.0,Sisymbrium erysimoides,3046765.0,Not Evaluated
3887383,Phlomis lychnitis L.,3887383,Phlomis lychnitis L.,8,SPECIES,ACCEPTED,Plantae,6,Tracheophyta,7707728,Magnoliopsida,220,Lamiales,408,Lamiaceae,2497,Phlomis,2927450.0,Phlomis lychnitis,3887383.0,Not Evaluated
7388758,Celtis australis A.Rich.,4159612,Celtis adolfi-friderici Engl.,1,SPECIES,SYNONYM,Plantae,6,Tracheophyta,7707728,Magnoliopsida,220,Rosales,691,Cannabaceae,2384,Celtis,2984479.0,Celtis adolfi-friderici,4159612.0,Not Evaluated
7793938,Thymus zygis L.,7793938,Thymus zygis L.,24,SPECIES,ACCEPTED,Plantae,6,Tracheophyta,7707728,Magnoliopsida,220,Lamiales,408,Lamiaceae,2497,Thymus,2926960.0,Thymus zygis,7793938.0,Not Evaluated
5352466,Anthyllis cytisoides L.,5352466,Anthyllis cytisoides L.,14,SPECIES,ACCEPTED,Plantae,6,Tracheophyta,7707728,Magnoliopsida,220,Fabales,1370,Fabaceae,5386,Anthyllis,2952416.0,Anthyllis cytisoides,5352466.0,Not Evaluated
2723055,Carex halleriana Asso,2723055,Carex halleriana Asso,5,SPECIES,ACCEPTED,Plantae,6,Tracheophyta,7707728,Liliopsida,196,Poales,1369,Cyperaceae,7708,Carex,2721893.0,Carex halleriana,2723055.0,Not Evaluated
3007783,Rosa corymbifera Borkh.,3007783,Rosa corymbifera Borkh.,1,SPECIES,ACCEPTED,Plantae,6,Tracheophyta,7707728,Magnoliopsida,220,Rosales,691,Rosaceae,5015,Rosa,8395064.0,Rosa corymbifera,3007783.0,Not Evaluated
5348659,Coronilla juncea L.,5348659,Coronilla juncea L.,15,SPECIES,ACCEPTED,Plantae,6,Tracheophyta,7707728,Magnoliopsida,220,Fabales,1370,Fabaceae,5386,Coronilla,2943640.0,Coronilla juncea,5348659.0,Not Evaluated
5290194,Corynephorus canescens (L.) P.Beauv.,5290194,Corynephorus canescens (L.) P.Beauv.,55,SPECIES,ACCEPTED,Plantae,6,Tracheophyta,7707728,Liliopsida,196,Poales,1369,Poaceae,3073,Corynephorus,2706183.0,Corynephorus canescens,5290194.0,Not Evaluated
3144041,Xeranthemum inapertum (L.) Mill.,3144041,Xeranthemum inapertum (L.) Mill.,1,SPECIES,ACCEPTED,Plantae,6,Tracheophyta,7707728,Magnoliopsida,220,Asterales,414,Asteraceae,3065,Xeranthemum,3144032.0,Xeranthemum inapertum,3144041.0,Not Evaluated
7929011,Juniperus communis Thunb.,7326375,Juniperus rigida var. rigida,27,SPECIES,SYNONYM,Plantae,6,Tracheophyta,7707728,Pinopsida,194,Pinales,640,Cupressaceae,8144,Juniperus,2684359.0,Juniperus rigida,2684517.0,Not Evaluated
5605418,Thymus serpylloides subsp. gadorensis (Pau) Jalas,5605418,Thymus serpylloides subsp. gadorensis (Pau) Jalas,149,SUBSPECIES,ACCEPTED,Plantae,6,Tracheophyta,7707728,Magnoliopsida,220,Lamiales,408,Lamiaceae,2497,Thymus,2926960.0,Thymus serpylloides,7306662.0,
3916495,Reseda complicata Bory,3916495,Reseda complicata Bory,14,SPECIES,ACCEPTED,Plantae,6,Tracheophyta,7707728,Magnoliopsida,220,Brassicales,7225535,Resedaceae,3110,Reseda,3040250.0,Reseda complicata,3916495.0,Not Evaluated
5368537,Potentilla reuteri Boiss.,5368537,Potentilla reuteri Boiss.,6,SPECIES,ACCEPTED,Plantae,6,Tracheophyta,7707728,Magnoliopsida,220,Rosales,691,Rosaceae,5015,Potentilla,8079058.0,Potentilla reuteri,5368537.0,Not Evaluated
8223321,Juniperus oxycedrus Hochst.,8223321,Juniperus oxycedrus Hochst.,65,SPECIES,DOUBTFUL,Plantae,6,Tracheophyta,7707728,Pinopsida,194,Pinales,640,Cupressaceae,8144,Juniperus,2684359.0,Juniperus oxycedrus,8223321.0,Not Evaluated
3811439,Cerastium gibraltaricum Boiss.,3811439,Cerastium gibraltaricum Boiss.,44,SPECIES,ACCEPTED,Plantae,6,Tracheophyta,7707728,Magnoliopsida,220,Caryophyllales,422,Caryophyllaceae,2518,Cerastium,2873815.0,Cerastium gibraltaricum,3811439.0,Not Evaluated
8409749,Anarrhinum bellidifolium Fenzl ex Jaub. & Spach,3742503,Anarrhinum forskaohlii subsp. abyssinicum (Jaub. & Spach) D.A.Sutton,3,SPECIES,SYNONYM,Plantae,6,Tracheophyta,7707728,Magnoliopsida,220,Lamiales,408,Plantaginaceae,2420,Anarrhinum,7333412.0,Anarrhinum forskaohlii,7333435.0,Not Evaluated
2892347,Rubia peregrina L.,2892347,Rubia peregrina L.,72,SPECIES,ACCEPTED,Plantae,6,Tracheophyta,7707728,Magnoliopsida,220,Gentianales,412,Rubiaceae,8798,Rubia,2892184.0,Rubia peregrina,2892347.0,Not Evaluated
9079676,"Pinus sylvestris Lour., 1790",9079676,"Pinus sylvestris Lour., 1790",242,SPECIES,DOUBTFUL,Plantae,6,Tracheophyta,7707728,Pinopsida,194,Pinales,640,Pinaceae,3925,Pinus,2684241.0,Pinus sylvestris,9079676.0,Not Evaluated
3636202,Bupleurum spinosum Gouan & Ill.Observ.Bot.,3638805,Bupleurum fruticescens subsp. spinosum (Gouan) O.Bolòs & Vigo,27,SPECIES,SYNONYM,Plantae,6,Tracheophyta,7707728,Magnoliopsida,220,Apiales,1351,Apiaceae,6720,Bupleurum,3034551.0,Bupleurum fruticescens,6027094.0,Not Evaluated
7318448,Eryngium bourgatii Gouan,7318448,Eryngium bourgatii Gouan,1,SPECIES,ACCEPTED,Plantae,6,Tracheophyta,7707728,Magnoliopsida,220,Apiales,1351,Apiaceae,6720,Eryngium,3034387.0,Eryngium bourgatii,7318448.0,Not Evaluated
3125943,Santolina elegans Boiss. ex DC.,3125943,Santolina elegans Boiss. ex DC.,2,SPECIES,ACCEPTED,Plantae,6,Tracheophyta,7707728,Magnoliopsida,220,Asterales,414,Asteraceae,3065,Santolina,3125925.0,Santolina elegans,3125943.0,Vulnerable
5284702,Cedrus atlantica (Endl.) Manetti ex Carriere,5284702,Cedrus atlantica (Endl.) Manetti ex Carriere,5,SPECIES,ACCEPTED,Plantae,6,Tracheophyta,7707728,Pinopsida,194,Pinales,640,Pinaceae,3925,Cedrus,2685742.0,Cedrus atlantica,5284702.0,Endangered
5285682,Pinus sylvestris var. nevadensis H.Christ,7230693,Pinus sylvestris var. sylvestris,9,VARIETY,SYNONYM,Plantae,6,Tracheophyta,7707728,Pinopsida,194,Pinales,640,Pinaceae,3925,Pinus,2684241.0,Pinus sylvestris,5285637.0,
2951626,Adenocarpus decorticans Boiss.,2951626,Adenocarpus decorticans Boiss.,143,SPECIES,ACCEPTED,Plantae,6,Tracheophyta,7707728,Magnoliopsida,220,Fabales,1370,Fabaceae,5386,Adenocarpus,2951623.0,Adenocarpus decorticans,2951626.0,Not Evaluated
3876862,Rhamnus myrtifolia Willk.,3876862,Rhamnus myrtifolia Willk.,26,SPECIES,ACCEPTED,Plantae,6,Tracheophyta,7707728,Magnoliopsida,220,Rosales,691,Rhamnaceae,2407,Rhamnus,3039471.0,Rhamnus myrtifolia,3876862.0,Not Evaluated
4122688,Festuca hystrix Boiss.,4122688,Festuca hystrix Boiss.,47,SPECIES,ACCEPTED,Plantae,6,Tracheophyta,7707728,Liliopsida,196,Poales,1369,Poaceae,3073,Festuca,2704913.0,Festuca hystrix,4122688.0,Not Evaluated
3595086,Helianthemum hirtum (L.) Mill.,3595086,Helianthemum hirtum (L.) Mill.,45,SPECIES,ACCEPTED,Plantae,6,Tracheophyta,7707728,Magnoliopsida,220,Malvales,941,Cistaceae,6635,Helianthemum,2874068.0,Helianthemum hirtum,3595086.0,Not Evaluated
3040252,Reseda lutea L.,3040252,Reseda lutea L.,1,SPECIES,ACCEPTED,Plantae,6,Tracheophyta,7707728,Magnoliopsida,220,Brassicales,7225535,Resedaceae,3110,Reseda,3040250.0,Reseda lutea,3040252.0,Not Evaluated
3630352,Peucedanum hispanicum Endl. ex Walp.,3630352,Peucedanum hispanicum Endl. ex Walp.,1,SPECIES,ACCEPTED,Plantae,6,Tracheophyta,7707728,Magnoliopsida,220,Apiales,1351,Apiaceae,6720,Peucedanum,3034224.0,Peucedanum hispanicum,3630352.0,Not Evaluated
3134867,Catananche caerulea L.,3134867,Catananche caerulea L.,1,SPECIES,ACCEPTED,Plantae,6,Tracheophyta,7707728,Magnoliopsida,220,Asterales,414,Asteraceae,3065,Catananche,3134863.0,Catananche caerulea,3134867.0,Not Evaluated
3113404,Cirsium pyrenaicum (Jacq.) All.,3113404,Cirsium pyrenaicum (Jacq.) All.,3,SPECIES,ACCEPTED,Plantae,6,Tracheophyta,7707728,Magnoliopsida,220,Asterales,414,Asteraceae,3065,Cirsium,3112554.0,Cirsium pyrenaicum,3113404.0,Not Evaluated
5582546,Salix atrocinerea Brot.,5582546,Salix atrocinerea Brot.,6,SPECIES,ACCEPTED,Plantae,6,Tracheophyta,7707728,Magnoliopsida,220,Malpighiales,1414,Salicaceae,6664,Salix,3039576.0,Salix atrocinerea,5582546.0,Least Concern
5676053,Brachypodium retusum (Pers.) P.Beauv.,5676053,Brachypodium retusum (Pers.) P.Beauv.,62,SPECIES,ACCEPTED,Plantae,6,Tracheophyta,7707728,Liliopsida,196,Poales,1369,Poaceae,3073,Brachypodium,2705713.0,Brachypodium retusum,5676053.0,Least Concern
6421637,Vinca difformis Pourr.,6421637,Vinca difformis Pourr.,4,SPECIES,ACCEPTED,Plantae,6,Tracheophyta,7707728,Magnoliopsida,220,Gentianales,412,Apocynaceae,6701,Vinca,3169706.0,Vinca difformis,6421637.0,Not Evaluated
4119379,Agrostis nevadensis Boiss.,4119379,Agrostis nevadensis Boiss.,1,SPECIES,ACCEPTED,Plantae,6,Tracheophyta,7707728,Liliopsida,196,Poales,1369,Poaceae,3073,Agrostis,2706434.0,Agrostis nevadensis,4119379.0,Least Concern
7307299,Phlomis crinita Cav.,7307299,Phlomis crinita Cav.,87,SPECIES,ACCEPTED,Plantae,6,Tracheophyta,7707728,Magnoliopsida,220,Lamiales,408,Lamiaceae,2497,Phlomis,2927450.0,Phlomis crinita,7307299.0,Not Evaluated
4114692,Festuca scariosa (Lag.) Pau,4114692,Festuca scariosa (Lag.) Pau,174,SPECIES,ACCEPTED,Plantae,6,Tracheophyta,7707728,Liliopsida,196,Poales,1369,Poaceae,3073,Festuca,2704913.0,Festuca scariosa,4114692.0,Not Evaluated
5357013,Lotus corniculatus L.,5357013,Lotus corniculatus L.,5,SPECIES,ACCEPTED,Plantae,6,Tracheophyta,7707728,Magnoliopsida,220,Fabales,1370,Fabaceae,5386,Lotus,10220564.0,Lotus corniculatus,5357013.0,Not Evaluated
6711137,Salix eleagnos subsp. angustifolia (Cariot) Rech.f.,8257857,Salix elaeagnos subsp. angustifolia (Cariot) Rech.fil.,1,SUBSPECIES,SYNONYM,Plantae,6,Tracheophyta,7707728,Magnoliopsida,220,Malpighiales,1414,Salicaceae,6664,Salix,3039576.0,Salix elaeagnos,5582947.0,
7554372,"Solidago virgaurea Bigelow, 1824",7554372,"Solidago virgaurea Bigelow, 1824",2,SPECIES,DOUBTFUL,Plantae,6,Tracheophyta,7707728,Magnoliopsida,220,Asterales,414,Asteraceae,3065,Solidago,5388868.0,Solidago virgaurea,7554372.0,Not Evaluated
7862383,"Pinus pinaster Besser, 1809",7862383,"Pinus pinaster Besser, 1809",146,SPECIES,DOUBTFUL,Plantae,6,Tracheophyta,7707728,Pinopsida,194,Pinales,640,Pinaceae,3925,Pinus,2684241.0,Pinus pinaster,7862383.0,Not Evaluated
7764886,"Astragalus granatensis Lam. ex Steud., 1821",7764886,"Astragalus granatensis Lam. ex Steud., 1821",3,SPECIES,DOUBTFUL,Plantae,6,Tracheophyta,7707728,Magnoliopsida,220,Fabales,1370,Fabaceae,5386,Astragalus,2933951.0,Astragalus granatensis,7764886.0,Not Evaluated
7311323,Thymelaea tartonraira (L.) All.,7311323,Thymelaea tartonraira (L.) All.,64,SPECIES,ACCEPTED,Plantae,6,Tracheophyta,7707728,Magnoliopsida,220,Malvales,941,Thymelaeaceae,2428,Thymelaea,7766225.0,Thymelaea tartonraira,7311323.0,Not Evaluated
7545328,Anthyllis vulneraria subsp. gandogeri (Sagorski) Maire,7545328,Anthyllis vulneraria subsp. gandogeri (Sagorski) Maire,2,SUBSPECIES,ACCEPTED,Plantae,6,Tracheophyta,7707728,Magnoliopsida,220,Fabales,1370,Fabaceae,5386,Anthyllis,2952416.0,Anthyllis vulneraria,5352367.0,
7920330,Artemisia campestris var. glutinosa (Gay ex Besser) Y.R.Ling,7222939,Artemisia campestris subsp. campestris,145,VARIETY,SYNONYM,Plantae,6,Tracheophyta,7707728,Magnoliopsida,220,Asterales,414,Asteraceae,3065,Artemisia,3120641.0,Artemisia campestris,3121461.0,
6064174,Senecio malacitanus Huter,6064174,Senecio malacitanus Huter,3,SPECIES,ACCEPTED,Plantae,6,Tracheophyta,7707728,Magnoliopsida,220,Asterales,414,Asteraceae,3065,Senecio,3106738.0,Senecio malacitanus,6064174.0,Not Evaluated
3015272,Crataegus granatensis Boiss.,3015272,Crataegus granatensis Boiss.,2,SPECIES,ACCEPTED,Plantae,6,Tracheophyta,7707728,Magnoliopsida,220,Rosales,691,Rosaceae,5015,Crataegus,3013395.0,Crataegus granatensis,3015272.0,Not Evaluated
7656386,"Pistacia terebinthus M.Bieb., 1808",7656386,"Pistacia terebinthus M.Bieb., 1808",6,SPECIES,DOUBTFUL,Plantae,6,Tracheophyta,7707728,Magnoliopsida,220,Sapindales,933,Anacardiaceae,2398,Pistacia,3190459.0,Pistacia terebinthus,7656386.0,Not Evaluated
8363061,Thymus baeticus Boiss. ex Lacaita,8363061,Thymus baeticus Boiss. ex Lacaita,111,SPECIES,ACCEPTED,Plantae,6,Tracheophyta,7707728,Magnoliopsida,220,Lamiales,408,Lamiaceae,2497,Thymus,2926960.0,Thymus baeticus,8363061.0,Least Concern
3020791,Prunus avium (L.) L.,3020791,Prunus avium (L.) L.,5,SPECIES,ACCEPTED,Plantae,6,Tracheophyta,7707728,Magnoliopsida,220,Rosales,691,Rosaceae,5015,Prunus,3020559.0,Prunus avium,3020791.0,Least Concern
3893120,Teucrium similatum T.Navarro & Rosua,3893120,Teucrium similatum T.Navarro & Rosua,11,SPECIES,ACCEPTED,Plantae,6,Tracheophyta,7707728,Magnoliopsida,220,Lamiales,408,Lamiaceae,2497,Teucrium,2926895.0,Teucrium similatum,3893120.0,Not Evaluated
3066601,Euphorbia flavicoma DC.,3066601,Euphorbia flavicoma DC.,5,SPECIES,ACCEPTED,Plantae,6,Tracheophyta,7707728,Magnoliopsida,220,Malpighiales,1414,Euphorbiaceae,4691,Euphorbia,11397237.0,Euphorbia flavicoma,3066601.0,Not Evaluated
8148659,Crataegus monogyna subsp. brevispina (Kunze) Franco,9220780,Crataegus monogyna Jacq.,204,SUBSPECIES,SYNONYM,Plantae,6,Tracheophyta,7707728,Magnoliopsida,220,Rosales,691,Rosaceae,5015,Crataegus,3013395.0,Crataegus monogyna,9220780.0,
8098461,Rosa micrantha Boreau,8098461,Rosa micrantha Boreau,30,SPECIES,DOUBTFUL,Plantae,6,Tracheophyta,7707728,Magnoliopsida,220,Rosales,691,Rosaceae,5015,Rosa,8395064.0,Rosa micrantha,8098461.0,Not Evaluated
7325877,Fraxinus angustifolia Vahl,7325877,Fraxinus angustifolia Vahl,3,SPECIES,ACCEPTED,Plantae,6,Tracheophyta,7707728,Magnoliopsida,220,Lamiales,408,Oleaceae,6652,Fraxinus,3172323.0,Fraxinus angustifolia,7325877.0,Least Concern
7769809,Alyssum serpyllifolium L. ex B.D.Jacks.,7769809,Alyssum serpyllifolium L. ex B.D.Jacks.,1,SPECIES,ACCEPTED,Plantae,6,Tracheophyta,7707728,Magnoliopsida,220,Brassicales,7225535,Brassicaceae,3112,Alyssum,3044728.0,Alyssum serpyllifolium,7769809.0,Not Evaluated
5355395,Spartium junceum L.,5355395,Spartium junceum L.,1,SPECIES,ACCEPTED,Plantae,6,Tracheophyta,7707728,Magnoliopsida,220,Fabales,1370,Fabaceae,5386,Spartium,8109416.0,Spartium junceum,5355395.0,Not Evaluated
8428417,Berberis hispanica Boiss. & Reut.,8428417,Berberis hispanica Boiss. & Reut.,218,SPECIES,ACCEPTED,Plantae,6,Tracheophyta,7707728,Magnoliopsida,220,Ranunculales,399,Berberidaceae,6673,Berberis,3033893.0,Berberis hispanica,8428417.0,Not Evaluated
3614373,Paeonia broteri Boiss. & Reut.,3614373,Paeonia broteri Boiss. & Reut.,5,SPECIES,ACCEPTED,Plantae,6,Tracheophyta,7707728,Magnoliopsida,220,Saxifragales,7219248,Paeoniaceae,6711,Paeonia,3083483.0,Paeonia broteri,3614373.0,Not Evaluated
8013467,Acer opalus subsp. granatense (Boiss.) Font Quer & Rothm.,7263116,Acer granatense subsp. granatense,21,SUBSPECIES,SYNONYM,Plantae,6,Tracheophyta,7707728,Magnoliopsida,220,Sapindales,933,Sapindaceae,6657,Acer,3189834.0,Acer granatense,7263115.0,
5612066,Cytisus galianoi Talavera & P.E.Gibbs,5354626,Cytisus balansae (Boiss.) Ball,58,SPECIES,SYNONYM,Plantae,6,Tracheophyta,7707728,Magnoliopsida,220,Fabales,1370,Fabaceae,5386,Cytisus,8089532.0,Cytisus balansae,5354626.0,Not Evaluated
7813762,Koeleria vallesiana Asch. & Graebn.,7813762,Koeleria vallesiana Asch. & Graebn.,254,SPECIES,DOUBTFUL,Plantae,6,Tracheophyta,7707728,Liliopsida,196,Poales,1369,Poaceae,3073,Koeleria,2705912.0,Koeleria vallesiana,7813762.0,Not Evaluated
3890861,Lavandula stoechas subsp. caesia Borja & Rivas Goday,7307711,Lavandula stoechas subsp. stoechas,18,SUBSPECIES,SYNONYM,Plantae,6,Tracheophyta,7707728,Magnoliopsida,220,Lamiales,408,Lamiaceae,2497,Lavandula,2927302.0,Lavandula stoechas,2927303.0,
3112552,Staehelina dubia L.,3112552,Staehelina dubia L.,11,SPECIES,ACCEPTED,Plantae,6,Tracheophyta,7707728,Magnoliopsida,220,Asterales,414,Asteraceae,3065,Staehelina,3112542.0,Staehelina dubia,3112552.0,Not Evaluated
2927069,Marrubium vulgare L.,2927069,Marrubium vulgare L.,7,SPECIES,ACCEPTED,Plantae,6,Tracheophyta,7707728,Magnoliopsida,220,Lamiales,408,Lamiaceae,2497,Marrubium,2927068.0,Marrubium vulgare,2927069.0,Not Evaluated
2977261,Ononis aragonensis Asso,2977261,Ononis aragonensis Asso,14,SPECIES,ACCEPTED,Plantae,6,Tracheophyta,7707728,Magnoliopsida,220,Fabales,1370,Fabaceae,5386,Ononis,2977094.0,Ononis aragonensis,2977261.0,Not Evaluated
2927177,Mentha longifolia (L.) Huds.,2927177,Mentha longifolia (L.) Huds.,4,SPECIES,ACCEPTED,Plantae,6,Tracheophyta,7707728,Magnoliopsida,220,Lamiales,408,Lamiaceae,2497,Mentha,2927173.0,Mentha longifolia,2927177.0,Least Concern
3140490,Lactuca serriola L.,3140490,Lactuca serriola L.,1,SPECIES,ACCEPTED,Plantae,6,Tracheophyta,7707728,Magnoliopsida,220,Asterales,414,Asteraceae,3065,Lactuca,3140231.0,Lactuca serriola,3140490.0,Not Evaluated
2926634,Rosmarinus officinalis L.,3889108,Salvia rosmarinus Schleid.,51,SPECIES,SYNONYM,Plantae,6,Tracheophyta,7707728,Magnoliopsida,220,Lamiales,408,Lamiaceae,2497,Salvia,2926981.0,Salvia rosmarinus,3889108.0,Not Evaluated
5285604,Pinus halepensis Mill.,5285604,Pinus halepensis Mill.,55,SPECIES,ACCEPTED,Plantae,6,Tracheophyta,7707728,Pinopsida,194,Pinales,640,Pinaceae,3925,Pinus,2684241.0,Pinus halepensis,5285604.0,Least Concern
3020780,Prunus ramburii Boiss.,3020780,Prunus ramburii Boiss.,141,SPECIES,ACCEPTED,Plantae,6,Tracheophyta,7707728,Magnoliopsida,220,Rosales,691,Rosaceae,5015,Prunus,3020559.0,Prunus ramburii,3020780.0,Vulnerable
3120019,Achillea odorata Pall.,7222194,Achillea nobilis subsp. nobilis,2,SPECIES,SYNONYM,Plantae,6,Tracheophyta,7707728,Magnoliopsida,220,Asterales,414,Asteraceae,3065,Achillea,3119995.0,Achillea nobilis,3120024.0,Not Evaluated
5668064,Armeria villosa subsp. bernisii Nieto Fel.,5668064,Armeria villosa subsp. bernisii Nieto Fel.,15,SUBSPECIES,ACCEPTED,Plantae,6,Tracheophyta,7707728,Magnoliopsida,220,Caryophyllales,422,Plumbaginaceae,2419,Armeria,3082288.0,Armeria villosa,7136612.0,
5384805,Silene latifolia Poir.,5384805,Silene latifolia Poir.,6,SPECIES,ACCEPTED,Plantae,6,Tracheophyta,7707728,Magnoliopsida,220,Caryophyllales,422,Caryophyllaceae,2518,Silene,3085897.0,Silene latifolia,5384805.0,Not Evaluated
2683969,Cupressus arizonica Greene,2683969,Cupressus arizonica Greene,2,SPECIES,ACCEPTED,Plantae,6,Tracheophyta,7707728,Pinopsida,194,Pinales,640,Cupressaceae,8144,Cupressus,10225588.0,Cupressus arizonica,2683969.0,Least Concern
7306663,Thymus serpylloides subsp. serpylloides,7306663,Thymus serpylloides subsp. serpylloides,33,SUBSPECIES,ACCEPTED,Plantae,6,Tracheophyta,7707728,Magnoliopsida,220,Lamiales,408,Lamiaceae,2497,Thymus,2926960.0,Thymus serpylloides,7306662.0,
5347721,Genista cinerea subsp. speciosa Rivas Mart. et al.,7225001,Genista cinerea subsp. cinerea,42,SUBSPECIES,SYNONYM,Plantae,6,Tracheophyta,7707728,Magnoliopsida,220,Fabales,1370,Fabaceae,5386,Genista,2940025.0,Genista cinerea,5347718.0,
2701798,Juncus tingitanus Maire & Weiller,2701798,Juncus tingitanus Maire & Weiller,3,SPECIES,ACCEPTED,Plantae,6,Tracheophyta,7707728,Liliopsida,196,Poales,1369,Juncaceae,5353,Juncus,2701072.0,Juncus tingitanus,2701798.0,Endangered
7308670,Teucrium capitatum L.,7308670,Teucrium capitatum L.,57,SPECIES,ACCEPTED,Plantae,6,Tracheophyta,7707728,Magnoliopsida,220,Lamiales,408,Lamiaceae,2497,Teucrium,2926895.0,Teucrium capitatum,7308670.0,Not Evaluated
3022789,Prunus mahaleb L.,3022789,Prunus mahaleb L.,2,SPECIES,ACCEPTED,Plantae,6,Tracheophyta,7707728,Magnoliopsida,220,Rosales,691,Rosaceae,5015,Prunus,3020559.0,Prunus mahaleb,3022789.0,Least Concern
2959219,Echinospartum boissieri (Spach) Rothm.,2959219,Echinospartum boissieri (Spach) Rothm.,69,SPECIES,ACCEPTED,Plantae,6,Tracheophyta,7707728,Magnoliopsida,220,Fabales,1370,Fabaceae,5386,Echinospartum,2959218.0,Echinospartum boissieri,2959219.0,Least Concern
2915229,Galium fruticescens Cav.,2915230,Galium lucidum subsp. fruticescens (Cav.) O.Bolòs & Vigo,7,SPECIES,SYNONYM,Plantae,6,Tracheophyta,7707728,Magnoliopsida,220,Gentianales,412,Rubiaceae,8798,Galium,2913027.0,Galium lucidum,2913863.0,Not Evaluated
3034740,Daucus L.,3034740,Daucus L.,1,GENUS,ACCEPTED,Plantae,6,Tracheophyta,7707728,Magnoliopsida,220,Apiales,1351,Apiaceae,6720,Daucus,3034740.0,,,Not Evaluated
3128734,Centaurea pulvinata (Blanca) Blanca,3128734,Centaurea pulvinata (Blanca) Blanca,37,SPECIES,ACCEPTED,Plantae,6,Tracheophyta,7707728,Magnoliopsida,220,Asterales,414,Asteraceae,3065,Centaurea,3127469.0,Centaurea pulvinata,3128734.0,Vulnerable
6301188,Santolina rosmarinifolia subsp. canescens (Lag.) Nyman,3125946,Santolina canescens Lag.,8,SUBSPECIES,SYNONYM,Plantae,6,Tracheophyta,7707728,Magnoliopsida,220,Asterales,414,Asteraceae,3065,Santolina,3125925.0,Santolina canescens,3125946.0,
7461405,Euphorbia nicaeensis Sebast. & Maur.,7461405,Euphorbia nicaeensis Sebast. & Maur.,19,SPECIES,DOUBTFUL,Plantae,6,Tracheophyta,7707728,Magnoliopsida,220,Malpighiales,1414,Euphorbiaceae,4691,Euphorbia,3063749.0,Euphorbia nicaeensis,7461405.0,Not Evaluated
2706465,Agrostis canina L.,2706465,Agrostis canina L.,14,SPECIES,ACCEPTED,Plantae,6,Tracheophyta,7707728,Liliopsida,196,Poales,1369,Poaceae,3073,Agrostis,2706434.0,Agrostis canina,2706465.0,Least Concern
4121435,Arrhenatherum album (Vahl) Clayton,4121435,Arrhenatherum album (Vahl) Clayton,1,SPECIES,ACCEPTED,Plantae,6,Tracheophyta,7707728,Liliopsida,196,Poales,1369,Poaceae,3073,Arrhenatherum,2704504.0,Arrhenatherum album,4121435.0,Not Evaluated
9151957,Medicago sativa L.,9151957,Medicago sativa L.,5,SPECIES,ACCEPTED,Plantae,6,Tracheophyta,7707728,Magnoliopsida,220,Fabales,1370,Fabaceae,5386,Medicago,2965200.0,Medicago sativa,9151957.0,Least Concern
6375040,Helleborus foetidus L.,6375040,Helleborus foetidus L.,58,SPECIES,ACCEPTED,Plantae,6,Tracheophyta,7707728,Magnoliopsida,220,Ranunculales,399,Ranunculaceae,2410,Helleborus,2741682.0,Helleborus foetidus,6375040.0,Not Evaluated
9201957,"Chondrilla juncea Ledeb., 1833",5403804,Chondrilla brevirostris Fisch. & C.A.Mey.,3,SPECIES,SYNONYM,Plantae,6,Tracheophyta,7707728,Magnoliopsida,220,Asterales,414,Asteraceae,3065,Chondrilla,3144317.0,Chondrilla brevirostris,5403804.0,Not Evaluated
3596501,Cistus laurifolius L.,3596501,Cistus laurifolius L.,25,SPECIES,ACCEPTED,Plantae,6,Tracheophyta,7707728,Magnoliopsida,220,Malvales,941,Cistaceae,6635,Cistus,2874026.0,Cistus laurifolius,3596501.0,Not Evaluated
7905886,"Thymus mastichina Sm., 1809",7905886,"Thymus mastichina Sm., 1809",135,SPECIES,DOUBTFUL,Plantae,6,Tracheophyta,7707728,Magnoliopsida,220,Lamiales,408,Lamiaceae,2497,Thymus,2926960.0,Thymus mastichina,7905886.0,Not Evaluated
7946696,Odontites longiflora (Vahl) Webb,7946696,Odontites longiflora (Vahl) Webb,1,SPECIES,ACCEPTED,Plantae,6,Tracheophyta,7707728,Magnoliopsida,220,Lamiales,408,Orobanchaceae,6651,Odontites,3172217.0,Odontites longiflora,7946696.0,Not Evaluated
2705308,Dactylis glomerata L.,2705308,Dactylis glomerata L.,45,SPECIES,ACCEPTED,Plantae,6,Tracheophyta,7707728,Liliopsida,196,Poales,1369,Poaceae,3073,Dactylis,2705307.0,Dactylis glomerata,2705308.0,Not Evaluated
2881553,Quercus ilex subsp. ballota (Desf.) Bonafé,2881550,Quercus rotundifolia Lam.,356,SUBSPECIES,SYNONYM,Plantae,6,Tracheophyta,7707728,Magnoliopsida,220,Fagales,1354,Fagaceae,4689,Quercus,2877951.0,Quercus rotundifolia,2881550.0,
7999850,Juniperus phoenicea Pall.,2684648,Juniperus foetidissima Willd.,20,SPECIES,SYNONYM,Plantae,6,Tracheophyta,7707728,Pinopsida,194,Pinales,640,Cupressaceae,8144,Juniperus,2684359.0,Juniperus foetidissima,2684648.0,Not Evaluated
7999870,Paronychia capitata (L.) Lam.,7999870,Paronychia capitata (L.) Lam.,2,SPECIES,ACCEPTED,Plantae,6,Tracheophyta,7707728,Magnoliopsida,220,Caryophyllales,422,Caryophyllaceae,2518,Paronychia,8020237.0,Paronychia capitata,7999870.0,Not Evaluated
2769766,Ruscus aculeatus L.,2769766,Ruscus aculeatus L.,1,SPECIES,ACCEPTED,Plantae,6,Tracheophyta,7707728,Liliopsida,196,Asparagales,1169,Asparagaceae,7683,Ruscus,2769754.0,Ruscus aculeatus,2769766.0,Not Evaluated
2710971,Scirpus holoschoenus L.,2718201,Scirpoides holoschoenus (L.) Soják,2,SPECIES,SYNONYM,Plantae,6,Tracheophyta,7707728,Liliopsida,196,Poales,1369,Cyperaceae,7708,Scirpoides,2718197.0,Scirpoides holoschoenus,2718201.0,Least Concern
2974863,Vicia onobrychioides L.,2974863,Vicia onobrychioides L.,5,SPECIES,ACCEPTED,Plantae,6,Tracheophyta,7707728,Magnoliopsida,220,Fabales,1370,Fabaceae,5386,Vicia,2974751.0,Vicia onobrychioides,2974863.0,Not Evaluated
5347768,Genista umbellata Salzm. ex DC.,5347829,Genista aspalathoides Lam.,59,SPECIES,SYNONYM,Plantae,6,Tracheophyta,7707728,Magnoliopsida,220,Fabales,1370,Fabaceae,5386,Genista,2940025.0,Genista aspalathoides,5347829.0,Near Threatened
6294629,Centaurea boissieri var. boissieri,6294629,Centaurea boissieri var. boissieri,1,VARIETY,ACCEPTED,Plantae,6,Tracheophyta,7707728,Magnoliopsida,220,Asterales,414,Asteraceae,3065,Centaurea,3127469.0,Centaurea boissieri,3128001.0,
7424425,Sedum forsterianum Rchb.,5361991,Sedum sexangulare L.,9,SPECIES,SYNONYM,Plantae,6,Tracheophyta,7707728,Magnoliopsida,220,Saxifragales,7219248,Crassulaceae,2406,Sedum,5361975.0,Sedum sexangulare,5361991.0,Not Evaluated
4246571,Helichrysum italicum var. serotinum (Boiss.) O.Bolòs & Vigo,5831462,Helichrysum serotinum subsp. serotinum,131,VARIETY,SYNONYM,Plantae,6,Tracheophyta,7707728,Magnoliopsida,220,Asterales,414,Asteraceae,3065,Helichrysum,3131108.0,Helichrysum serotinum,6064877.0,
5331181,Viola odorata L.,5331181,Viola odorata L.,1,SPECIES,ACCEPTED,Plantae,6,Tracheophyta,7707728,Magnoliopsida,220,Malpighiales,1414,Violaceae,6631,Viola,2874237.0,Viola odorata,5331181.0,Not Evaluated
6371028,Rhamnus saxatilis Jacq.,6371028,Rhamnus saxatilis Jacq.,1,SPECIES,ACCEPTED,Plantae,6,Tracheophyta,7707728,Magnoliopsida,220,Rosales,691,Rhamnaceae,2407,Rhamnus,3039471.0,Rhamnus saxatilis,6371028.0,Not Evaluated
6437976,Cistus ladanifer L.,6437976,Cistus ladanifer L.,3,SPECIES,ACCEPTED,Plantae,6,Tracheophyta,7707728,Magnoliopsida,220,Malvales,941,Cistaceae,6635,Cistus,2874026.0,Cistus ladanifer,6437976.0,Not Evaluated
2703124,Melica ciliata L.,2703124,Melica ciliata L.,6,SPECIES,ACCEPTED,Plantae,6,Tracheophyta,7707728,Liliopsida,196,Poales,1369,Poaceae,3073,Melica,2703093.0,Melica ciliata,2703124.0,Not Evaluated
3067353,Euphorbia characias L.,3067353,Euphorbia characias L.,29,SPECIES,ACCEPTED,Plantae,6,Tracheophyta,7707728,Magnoliopsida,220,Malpighiales,1414,Euphorbiaceae,4691,Euphorbia,11397237.0,Euphorbia characias,3067353.0,Not Evaluated
3040227,Populus nigra L.,3040227,Populus nigra L.,6,SPECIES,ACCEPTED,Plantae,6,Tracheophyta,7707728,Magnoliopsida,220,Malpighiales,1414,Salicaceae,6664,Populus,3040183.0,Populus nigra,3040227.0,Data Deficient
7331381,Helianthemum cinereum (Cav.) Pers.,7331381,Helianthemum cinereum (Cav.) Pers.,37,SPECIES,ACCEPTED,Plantae,6,Tracheophyta,7707728,Magnoliopsida,220,Malvales,941,Cistaceae,6635,Helianthemum,2874068.0,Helianthemum cinereum,7331381.0,Not Evaluated
7308613,Teucrium compactum Clemente ex Lag.,7308613,Teucrium compactum Clemente ex Lag.,59,SPECIES,ACCEPTED,Plantae,6,Tracheophyta,7707728,Magnoliopsida,220,Lamiales,408,Lamiaceae,2497,Teucrium,2926895.0,Teucrium compactum,7308613.0,Not Evaluated
2959128,Dorycnium pentaphyllum Scop.,5632022,Lotus dorycnium L.,29,SPECIES,SYNONYM,Plantae,6,Tracheophyta,7707728,Magnoliopsida,220,Fabales,1370,Fabaceae,5386,Lotus,10220564.0,Lotus dorycnium,5632022.0,Not Evaluated
7327863,Erica terminalis Klotzsch,5682009,Erica curvifolia Salisb.,1,SPECIES,SYNONYM,Plantae,6,Tracheophyta,7707728,Magnoliopsida,220,Ericales,1353,Ericaceae,2505,Erica,2882780.0,Erica curvifolia,5682009.0,Not Evaluated
3891315,Lavandula lanata Boiss.,3891315,Lavandula lanata Boiss.,90,SPECIES,ACCEPTED,Plantae,6,Tracheophyta,7707728,Magnoliopsida,220,Lamiales,408,Lamiaceae,2497,Lavandula,2927302.0,Lavandula lanata,3891315.0,Least Concern
2684030,Cupressus sempervirens L.,2684030,Cupressus sempervirens L.,4,SPECIES,ACCEPTED,Plantae,6,Tracheophyta,7707728,Pinopsida,194,Pinales,640,Cupressaceae,8144,Cupressus,10225588.0,Cupressus sempervirens,2684030.0,Least Concern
3140457,Lactuca tenerrima Pourr.,3140457,Lactuca tenerrima Pourr.,9,SPECIES,ACCEPTED,Plantae,6,Tracheophyta,7707728,Magnoliopsida,220,Asterales,414,Asteraceae,3065,Lactuca,3140231.0,Lactuca tenerrima,3140457.0,Not Evaluated
8406533,Pinus uncinata Steud.,8406533,Pinus uncinata Steud.,6,SPECIES,DOUBTFUL,Plantae,6,Tracheophyta,7707728,Pinopsida,194,Pinales,640,Pinaceae,3925,Pinus,2684241.0,Pinus uncinata,8406533.0,Not Evaluated
5376895,Lepidium petrophilum Coss.,5376874,Lepidium hirtum (L.) Sm.,2,SPECIES,SYNONYM,Plantae,6,Tracheophyta,7707728,Magnoliopsida,220,Brassicales,7225535,Brassicaceae,3112,Lepidium,3051713.0,Lepidium hirtum,5376874.0,Not Evaluated
2685464,Abies pinsapo Boiss.,2685464,Abies pinsapo Boiss.,1,SPECIES,ACCEPTED,Plantae,6,Tracheophyta,7707728,Pinopsida,194,Pinales,640,Pinaceae,3925,Abies,2684876.0,Abies pinsapo,2685464.0,Endangered
4165703,"Arctostaphylos uva-ursi subsp. crassifolia (Braun-Blanq.) Rivas Mart. ex De la Torre, F.Alcaraz & M.B.Crespo",4165703,"Arctostaphylos uva-ursi subsp. crassifolia (Braun-Blanq.) Rivas Mart. ex De la Torre, F.Alcaraz & M.B.Crespo",11,SUBSPECIES,ACCEPTED,Plantae,6,Tracheophyta,7707728,Magnoliopsida,220,Ericales,1353,Ericaceae,2505,Arctostaphylos,2882486.0,Arctostaphylos uva-ursi,2882580.0,
5414995,Digitalis purpurea L.,5414995,Digitalis purpurea L.,18,SPECIES,ACCEPTED,Plantae,6,Tracheophyta,7707728,Magnoliopsida,220,Lamiales,408,Plantaginaceae,2420,Digitalis,3172032.0,Digitalis purpurea,5414995.0,Not Evaluated
11058681,"Pinus ponderosa Douglas ex Loudon, 1838",11058681,"Pinus ponderosa Douglas ex Loudon, 1838",2,SPECIES,DOUBTFUL,Plantae,6,Tracheophyta,7707728,Pinopsida,194,Pinales,640,Pinaceae,3925,Pinus,2684241.0,Pinus ponderosa,11058681.0,Not Evaluated
3701787,Coriaria myrtifolia L.,3701787,Coriaria myrtifolia L.,1,SPECIES,ACCEPTED,Plantae,6,Tracheophyta,7707728,Magnoliopsida,220,Cucurbitales,7224005,Coriariaceae,3701754,Coriaria,7323108.0,Coriaria myrtifolia,3701787.0,Not Evaluated
3054368,Juglans regia L.,3054368,Juglans regia L.,2,SPECIES,ACCEPTED,Plantae,6,Tracheophyta,7707728,Magnoliopsida,220,Fagales,1354,Juglandaceae,2499,Juglans,3054350.0,Juglans regia,3054368.0,Least Concern
3141571,Mantisalca salmantica (L.) Briq. & Cavill.,3141571,Mantisalca salmantica (L.) Briq. & Cavill.,3,SPECIES,ACCEPTED,Plantae,6,Tracheophyta,7707728,Magnoliopsida,220,Asterales,414,Asteraceae,3065,Mantisalca,3141558.0,Mantisalca salmantica,3141571.0,Not Evaluated
5347816,Genista florida L.,5347816,Genista florida L.,13,SPECIES,ACCEPTED,Plantae,6,Tracheophyta,7707728,Magnoliopsida,220,Fabales,1370,Fabaceae,5386,Genista,2940025.0,Genista florida,5347816.0,Not Evaluated
3595430,Helianthemum syriacum (Jacq.) Dum.Cours.,3595430,Helianthemum syriacum (Jacq.) Dum.Cours.,7,SPECIES,ACCEPTED,Plantae,6,Tracheophyta,7707728,Magnoliopsida,220,Malvales,941,Cistaceae,6635,Helianthemum,2874068.0,Helianthemum syriacum,3595430.0,Not Evaluated
2952000,Ulex parviflorus Pourr.,2952000,Ulex parviflorus Pourr.,151,SPECIES,ACCEPTED,Plantae,6,Tracheophyta,7707728,Magnoliopsida,220,Fabales,1370,Fabaceae,5386,Ulex,2951953.0,Ulex parviflorus,2952000.0,Not Evaluated
3898018,Salvia lavandulifolia var. vellerea (Cuatrec.) Rosua & Blanca,6409633,Salvia blancoana subsp. vellerea (Cuatrec.) W.Lippert,55,VARIETY,SYNONYM,Plantae,6,Tracheophyta,7707728,Magnoliopsida,220,Lamiales,408,Lamiaceae,2497,Salvia,2926981.0,Salvia blancoana,7351266.0,
5403709,Crepis vesicaria L.,5403709,Crepis vesicaria L.,6,SPECIES,ACCEPTED,Plantae,6,Tracheophyta,7707728,Magnoliopsida,220,Asterales,414,Asteraceae,3065,Crepis,3143303.0,Crepis vesicaria,5403709.0,Not Evaluated
6312803,Arrhenatherum elatius f. bulbosum (Willd.) T.Koyama,7987633,Arrhenatherum elatius subsp. bulbosum (Willd.) Schübl. & G.Martens,22,FORM,SYNONYM,Plantae,6,Tracheophyta,7707728,Liliopsida,196,Poales,1369,Poaceae,3073,Arrhenatherum,2704504.0,Arrhenatherum elatius,2704505.0,
8061410,Scabiosa turolensis Pau,8061410,Scabiosa turolensis Pau,15,SPECIES,ACCEPTED,Plantae,6,Tracheophyta,7707728,Magnoliopsida,220,Dipsacales,946,Caprifoliaceae,6710,Scabiosa,2888800.0,Scabiosa turolensis,8061410.0,Not Evaluated
3033558,Clematis vitalba L.,3033558,Clematis vitalba L.,6,SPECIES,ACCEPTED,Plantae,6,Tracheophyta,7707728,Magnoliopsida,220,Ranunculales,399,Ranunculaceae,2410,Clematis,3033512.0,Clematis vitalba,3033558.0,Not Evaluated
7694064,Lonicera periclymenum subsp. hispanica (Boiss. & Reut.) Nyman,7694064,Lonicera periclymenum subsp. hispanica (Boiss. & Reut.) Nyman,2,SUBSPECIES,ACCEPTED,Plantae,6,Tracheophyta,7707728,Magnoliopsida,220,Dipsacales,946,Caprifoliaceae,6710,Lonicera,2888645.0,Lonicera periclymenum,5334277.0,
2977149,Ononis spinosa L.,2977149,Ononis spinosa L.,38,SPECIES,ACCEPTED,Plantae,6,Tracheophyta,7707728,Magnoliopsida,220,Fabales,1370,Fabaceae,5386,Ononis,2977094.0,Ononis spinosa,2977149.0,Not Evaluated
5295044,Smilax aspera L.,5295044,Smilax aspera L.,5,SPECIES,ACCEPTED,Plantae,6,Tracheophyta,7707728,Liliopsida,196,Liliales,1172,Smilacaceae,7702,Smilax,2740627.0,Smilax aspera,5295044.0,Not Evaluated
4155330,"Plantago radicata subsp. granatensis (Willk.) Rivas Mart., A.Asensi, Molero Mesa & F.Valle",8067043,Plantago subulata L.,1,SUBSPECIES,SYNONYM,Plantae,6,Tracheophyta,7707728,Magnoliopsida,220,Lamiales,408,Plantaginaceae,2420,Plantago,3189695.0,Plantago subulata,8067043.0,
5584540,Arenaria pungens Nutt.,7801717,Sabulina nuttallii (Pax) Dillenb. & Kadereit,6,SPECIES,SYNONYM,Plantae,6,Tracheophyta,7707728,Magnoliopsida,220,Caryophyllales,422,Caryophyllaceae,2518,Sabulina,3085409.0,Sabulina nuttallii,7801717.0,Not Evaluated
3134857,Lapsana communis L.,3134857,Lapsana communis L.,2,SPECIES,ACCEPTED,Plantae,6,Tracheophyta,7707728,Magnoliopsida,220,Asterales,414,Asteraceae,3065,Lapsana,3134850.0,Lapsana communis,3134857.0,Not Evaluated
3025671,Cotoneaster granatensis Boiss.,3025671,Cotoneaster granatensis Boiss.,29,SPECIES,ACCEPTED,Plantae,6,Tracheophyta,7707728,Magnoliopsida,220,Rosales,691,Rosaceae,5015,Cotoneaster,3025563.0,Cotoneaster granatensis,3025671.0,Not Evaluated
5392456,Jurinea humilis (Desf.) DC.,5392456,Jurinea humilis (Desf.) DC.,1,SPECIES,ACCEPTED,Plantae,6,Tracheophyta,7707728,Magnoliopsida,220,Asterales,414,Asteraceae,3065,Jurinea,3109185.0,Jurinea humilis,5392456.0,Not Evaluated
7262958,Acer monspessulanum L.,7262958,Acer monspessulanum L.,1,SPECIES,ACCEPTED,Plantae,6,Tracheophyta,7707728,Magnoliopsida,220,Sapindales,933,Sapindaceae,6657,Acer,3189834.0,Acer monspessulanum,7262958.0,Least Concern
3125944,Santolina rosmarinifolia L.,3125944,Santolina rosmarinifolia L.,52,SPECIES,ACCEPTED,Plantae,6,Tracheophyta,7707728,Magnoliopsida,220,Asterales,414,Asteraceae,3065,Santolina,3125925.0,Santolina rosmarinifolia,3125944.0,Not Evaluated
8164710,Marrubium supinum Hu. ex C.Pei,8164710,Marrubium supinum Hu. ex C.Pei,40,SPECIES,DOUBTFUL,Plantae,6,Tracheophyta,7707728,Magnoliopsida,220,Lamiales,408,Lamiaceae,2497,Marrubium,2927068.0,Marrubium supinum,8164710.0,Not Evaluated
7311536,Daphne oleoides Schreb.,7311536,Daphne oleoides Schreb.,3,SPECIES,ACCEPTED,Plantae,6,Tracheophyta,7707728,Magnoliopsida,220,Malvales,941,Thymelaeaceae,2428,Daphne,3188453.0,Daphne oleoides,7311536.0,Not Evaluated
3013206,Sorbus domestica L.,3013215,Cormus domestica (L.) Spach,4,SPECIES,SYNONYM,Plantae,6,Tracheophyta,7707728,Magnoliopsida,220,Rosales,691,Rosaceae,5015,Cormus,3025305.0,Cormus domestica,3013215.0,Least Concern
5372952,Salix caprea L.,5372952,Salix caprea L.,1,SPECIES,ACCEPTED,Plantae,6,Tracheophyta,7707728,Magnoliopsida,220,Malpighiales,1414,Salicaceae,6664,Salix,3039576.0,Salix caprea,5372952.0,Least Concern
8004571,Clinopodium vulgare subsp. arundanum (Boiss.) Nyman,8004571,Clinopodium vulgare subsp. arundanum (Boiss.) Nyman,9,SUBSPECIES,ACCEPTED,Plantae,6,Tracheophyta,7707728,Magnoliopsida,220,Lamiales,408,Lamiaceae,2497,Clinopodium,2926907.0,Clinopodium vulgare,2926945.0,
5015,Rosaceae,5015,Rosaceae,1,FAMILY,ACCEPTED,Plantae,6,Tracheophyta,7707728,Magnoliopsida,220,Rosales,691,Rosaceae,5015,,,,,Not Evaluated
2965093,Retama sphaerocarpa (L.) Boiss.,2965093,Retama sphaerocarpa (L.) Boiss.,56,SPECIES,ACCEPTED,Plantae,6,Tracheophyta,7707728,Magnoliopsida,220,Fabales,1370,Fabaceae,5386,Retama,8216180.0,Retama sphaerocarpa,2965093.0,Not Evaluated
2977276,Ononis speciosa Lag.,2977276,Ononis speciosa Lag.,12,SPECIES,ACCEPTED,Plantae,6,Tracheophyta,7707728,Magnoliopsida,220,Fabales,1370,Fabaceae,5386,Ononis,2977094.0,Ononis speciosa,2977276.0,Not Evaluated
3008098,Rosa pouzinii Tratt.,3008098,Rosa pouzinii Tratt.,23,SPECIES,ACCEPTED,Plantae,6,Tracheophyta,7707728,Magnoliopsida,220,Rosales,691,Rosaceae,5015,Rosa,8395064.0,Rosa pouzinii,3008098.0,Not Evaluated
5559052,Digitalis obscura L.,5559052,Digitalis obscura L.,7,SPECIES,ACCEPTED,Plantae,6,Tracheophyta,7707728,Magnoliopsida,220,Lamiales,408,Plantaginaceae,2420,Digitalis,3172032.0,Digitalis obscura,5559052.0,Not Evaluated
7331304,Fumana ericoides Pau,7331304,Fumana ericoides Pau,12,SPECIES,DOUBTFUL,Plantae,6,Tracheophyta,7707728,Magnoliopsida,220,Malvales,941,Cistaceae,6635,Fumana,7331269.0,Fumana ericoides,7331304.0,Not Evaluated
5333294,Castanea sativa Mill.,5333294,Castanea sativa Mill.,1,SPECIES,ACCEPTED,Plantae,6,Tracheophyta,7707728,Magnoliopsida,220,Fagales,1354,Fagaceae,4689,Castanea,2882140.0,Castanea sativa,5333294.0,Least Concern
7628495,"Sedum annuum All., 1785",7628495,"Sedum annuum All., 1785",1,SPECIES,DOUBTFUL,Plantae,6,Tracheophyta,7707728,Magnoliopsida,220,Saxifragales,7219248,Crassulaceae,2406,Sedum,7801254.0,Sedum annuum,7628495.0,Not Evaluated
2928390,Convolvulus arvensis L.,2928390,Convolvulus arvensis L.,1,SPECIES,ACCEPTED,Plantae,6,Tracheophyta,7707728,Magnoliopsida,220,Solanales,1176,Convolvulaceae,2389,Convolvulus,2928386.0,Convolvulus arvensis,2928390.0,Not Evaluated
9298571,Helianthemum apenninum subsp. stoechadifolium (Brot.) Samp.,9298571,Helianthemum apenninum subsp. stoechadifolium (Brot.) Samp.,6,SUBSPECIES,ACCEPTED,Plantae,6,Tracheophyta,7707728,Magnoliopsida,220,Malvales,941,Cistaceae,6635,Helianthemum,2874068.0,Helianthemum apenninum,9823314.0,
7333092,Verbascum giganteum Willk.,7333092,Verbascum giganteum Willk.,8,SPECIES,ACCEPTED,Plantae,6,Tracheophyta,7707728,Magnoliopsida,220,Lamiales,408,Scrophulariaceae,2390,Verbascum,2928970.0,Verbascum giganteum,7333092.0,Not Evaluated
7366349,"Centaurea bombycina Boiss., 1838",7366349,"Centaurea bombycina Boiss., 1838",5,SPECIES,DOUBTFUL,Plantae,6,Tracheophyta,7707728,Magnoliopsida,220,Asterales,414,Asteraceae,3065,Centaurea,3127469.0,Centaurea bombycina,7366349.0,Not Evaluated
8351737,Hedera helix L.,8351737,Hedera helix L.,8,SPECIES,ACCEPTED,Plantae,6,Tracheophyta,7707728,Magnoliopsida,220,Apiales,1351,Araliaceae,8800,Hedera,3036021.0,Hedera helix,8351737.0,Not Evaluated
3832369,Ruta montana Mill.,8019513,Ruta montana (L.) L.,1,SPECIES,SYNONYM,Plantae,6,Tracheophyta,7707728,Magnoliopsida,220,Sapindales,933,Rutaceae,2396,Ruta,3190380.0,Ruta montana,8019513.0,Not Evaluated
4122446,Festuca indigesta Boiss.,4122446,Festuca indigesta Boiss.,182,SPECIES,ACCEPTED,Plantae,6,Tracheophyta,7707728,Liliopsida,196,Poales,1369,Poaceae,3073,Festuca,2704913.0,Festuca indigesta,4122446.0,Not Evaluated
7331316,Helianthemum almeriense Pau,7331316,Helianthemum almeriense Pau,2,SPECIES,ACCEPTED,Plantae,6,Tracheophyta,7707728,Magnoliopsida,220,Malvales,941,Cistaceae,6635,Helianthemum,2874068.0,Helianthemum almeriense,7331316.0,Not Evaluated
7307046,Phlomis purpurea L.,7307046,Phlomis purpurea L.,2,SPECIES,ACCEPTED,Plantae,6,Tracheophyta,7707728,Magnoliopsida,220,Lamiales,408,Lamiaceae,2497,Phlomis,2927450.0,Phlomis purpurea,7307046.0,Not Evaluated
7331346,Cistus clusii Dunal,7331346,Cistus clusii Dunal,56,SPECIES,ACCEPTED,Plantae,6,Tracheophyta,7707728,Magnoliopsida,220,Malvales,941,Cistaceae,6635,Cistus,2874026.0,Cistus clusii,7331346.0,Not Evaluated
5598747,Lonicera arborea Boiss.,5598747,Lonicera arborea Boiss.,21,SPECIES,ACCEPTED,Plantae,6,Tracheophyta,7707728,Magnoliopsida,220,Dipsacales,946,Caprifoliaceae,6710,Lonicera,2888645.0,Lonicera arborea,5598747.0,Not Evaluated
7963890,Juniperus sabina L.,7963890,Juniperus sabina L.,10,SPECIES,ACCEPTED,Plantae,6,Tracheophyta,7707728,Pinopsida,194,Pinales,640,Cupressaceae,8144,Juniperus,2684359.0,Juniperus sabina,7963890.0,Least Concern
7265227,Osyris L.,7265227,Osyris L.,1,GENUS,ACCEPTED,Plantae,6,Tracheophyta,7707728,Magnoliopsida,220,Santalales,934,Santalaceae,6661,Osyris,7265227.0,,,Not Evaluated
2874030,Cistus monspeliensis L.,2874030,Cistus monspeliensis L.,1,SPECIES,ACCEPTED,Plantae,6,Tracheophyta,7707728,Magnoliopsida,220,Malvales,941,Cistaceae,6635,Cistus,2874026.0,Cistus monspeliensis,2874030.0,Least Concern
7331291,Helianthemum apenninum subsp. apenninum,7331291,Helianthemum apenninum subsp. apenninum,3,SUBSPECIES,ACCEPTED,Plantae,6,Tracheophyta,7707728,Magnoliopsida,220,Malvales,941,Cistaceae,6635,Helianthemum,2874068.0,Helianthemum apenninum,9823314.0,
3898342,Teucrium bicoloreum Pau ex Vicioso,3898342,Teucrium bicoloreum Pau ex Vicioso,11,SPECIES,ACCEPTED,Plantae,6,Tracheophyta,7707728,Magnoliopsida,220,Lamiales,408,Lamiaceae,2497,Teucrium,2926895.0,Teucrium bicoloreum,3898342.0,Not Evaluated
7357319,"Genista versicolor Boiss. ex Steud., 1840",7357319,"Genista versicolor Boiss. ex Steud., 1840",166,SPECIES,DOUBTFUL,Plantae,6,Tracheophyta,7707728,Magnoliopsida,220,Fabales,1370,Fabaceae,5386,Genista,8294717.0,Genista versicolor,7357319.0,Not Evaluated
8334140,Sedum sediforme (Schweinf.) Raym.-Hamet,5689819,Sedum crassularia Raym.-Hamet,68,SPECIES,SYNONYM,Plantae,6,Tracheophyta,7707728,Magnoliopsida,220,Saxifragales,7219248,Crassulaceae,2406,Sedum,5361975.0,Sedum crassularia,5689819.0,Not Evaluated
2913027,Galium L.,2913027,Galium L.,1,GENUS,ACCEPTED,Plantae,6,Tracheophyta,7707728,Magnoliopsida,220,Gentianales,412,Rubiaceae,8798,Galium,2913027.0,,,Not Evaluated
5275012,Pteridium aquilinum (L.) Kuhn,5275012,Pteridium aquilinum (L.) Kuhn,9,SPECIES,ACCEPTED,Plantae,6,Tracheophyta,7707728,Polypodiopsida,7228684,Polypodiales,392,Dennstaedtiaceae,6623,Pteridium,5275011.0,Pteridium aquilinum,5275012.0,Not Evaluated
7267618,Silene mellifera Boiss. & Reut.,7267618,Silene mellifera Boiss. & Reut.,22,SPECIES,ACCEPTED,Plantae,6,Tracheophyta,7707728,Magnoliopsida,220,Caryophyllales,422,Caryophyllaceae,2518,Silene,3085897.0,Silene mellifera,7267618.0,Not Evaluated
7296321,Viola riviniana Rchb.,7296321,Viola riviniana Rchb.,2,SPECIES,ACCEPTED,Plantae,6,Tracheophyta,7707728,Magnoliopsida,220,Malpighiales,1414,Violaceae,6631,Viola,2874237.0,Viola riviniana,7296321.0,Not Evaluated
3595820,Halimium umbellatum subsp. viscosum (Willk.) O.Bolòs & Vigo,3595820,Halimium umbellatum subsp. viscosum (Willk.) O.Bolòs & Vigo,100,SUBSPECIES,ACCEPTED,Plantae,6,Tracheophyta,7707728,Magnoliopsida,220,Malvales,941,Cistaceae,6635,Halimium,6437972.0,Halimium umbellatum,7331332.0,
3029430,Sanguisorba minor Scop.,7220805,Poterium sanguisorba subsp. sanguisorba,143,SPECIES,SYNONYM,Plantae,6,Tracheophyta,7707728,Magnoliopsida,220,Rosales,691,Rosaceae,5015,Poterium,3001016.0,Poterium sanguisorba,5364245.0,Not Evaluated
3138230,Carthamus lanatus L.,3138230,Carthamus lanatus L.,28,SPECIES,ACCEPTED,Plantae,6,Tracheophyta,7707728,Magnoliopsida,220,Asterales,414,Asteraceae,3065,Carthamus,3138214.0,Carthamus lanatus,3138230.0,Not Evaluated
2879175,Quercus coccifera L.,2879175,Quercus coccifera L.,22,SPECIES,ACCEPTED,Plantae,6,Tracheophyta,7707728,Magnoliopsida,220,Fagales,1354,Fagaceae,4689,Quercus,2877951.0,Quercus coccifera,2879175.0,Least Concern
5386,Fabaceae,5386,Fabaceae,16,FAMILY,ACCEPTED,Plantae,6,Tracheophyta,7707728,Magnoliopsida,220,Fabales,1370,Fabaceae,5386,,,,,Not Evaluated
7942614,Rhamnus lycioides Brot.,7273886,Rhamnus oleoides subsp. oleoides,7,SPECIES,SYNONYM,Plantae,6,Tracheophyta,7707728,Magnoliopsida,220,Rosales,691,Rhamnaceae,2407,Rhamnus,3039471.0,Rhamnus oleoides,7867604.0,Not Evaluated
2704468,Stipa tenacissima L.,2704468,Stipa tenacissima L.,40,SPECIES,ACCEPTED,Plantae,6,Tracheophyta,7707728,Liliopsida,196,Poales,1369,Poaceae,3073,Stipa,2704463.0,Stipa tenacissima,2704468.0,Vulnerable
9051413,Mentha pulegium Luce,9051413,Mentha pulegium Luce,6,SPECIES,DOUBTFUL,Plantae,6,Tracheophyta,7707728,Magnoliopsida,220,Lamiales,408,Lamiaceae,2497,Mentha,2927173.0,Mentha pulegium,9051413.0,Not Evaluated
3024294,Geum L.,3024294,Geum L.,3,GENUS,ACCEPTED,Plantae,6,Tracheophyta,7707728,Magnoliopsida,220,Rosales,691,Rosaceae,5015,Geum,3024294.0,,,Not Evaluated
2890541,Geranium purpureum Vill.,2890541,Geranium purpureum Vill.,1,SPECIES,ACCEPTED,Plantae,6,Tracheophyta,7707728,Magnoliopsida,220,Geraniales,624,Geraniaceae,4676,Geranium,2889949.0,Geranium purpureum,2890541.0,Not Evaluated
3050712,Hormathophylla spinosa (L.) P.Küpfer,3050712,Hormathophylla spinosa (L.) P.Küpfer,75,SPECIES,ACCEPTED,Plantae,6,Tracheophyta,7707728,Magnoliopsida,220,Brassicales,7225535,Brassicaceae,3112,Hormathophylla,3050677.0,Hormathophylla spinosa,3050712.0,Not Evaluated
3105508,Andryala integrifolia L.,3105508,Andryala integrifolia L.,13,SPECIES,ACCEPTED,Plantae,6,Tracheophyta,7707728,Magnoliopsida,220,Asterales,414,Asteraceae,3065,Andryala,3105480.0,Andryala integrifolia,3105508.0,Not Evaluated
5341443,Thymus pulegioides L.,5341443,Thymus pulegioides L.,18,SPECIES,ACCEPTED,Plantae,6,Tracheophyta,7707728,Magnoliopsida,220,Lamiales,408,Lamiaceae,2497,Thymus,2926960.0,Thymus pulegioides,5341443.0,Not Evaluated
3105533,Andryala ragusina L.,3105533,Andryala ragusina L.,10,SPECIES,ACCEPTED,Plantae,6,Tracheophyta,7707728,Magnoliopsida,220,Asterales,414,Asteraceae,3065,Andryala,3105480.0,Andryala ragusina,3105533.0,Not Evaluated
3023878,Amelanchier ovalis Medik.,3023878,Amelanchier ovalis Medik.,51,SPECIES,ACCEPTED,Plantae,6,Tracheophyta,7707728,Magnoliopsida,220,Rosales,691,Rosaceae,5015,Amelanchier,3023817.0,Amelanchier ovalis,3023878.0,Not Evaluated
3809220,"Dianthus pungens subsp. brachyanthus (Boiss.) Bernal, Fern.Casas, G.López, M.Laínz & Muñoz Garm.",3809220,"Dianthus pungens subsp. brachyanthus (Boiss.) Bernal, Fern.Casas, G.López, M.Laínz & Muñoz Garm.",23,SUBSPECIES,ACCEPTED,Plantae,6,Tracheophyta,7707728,Magnoliopsida,220,Caryophyllales,422,Caryophyllaceae,2518,Dianthus,3085411.0,Dianthus pungens,8330248.0,
3146150,Picnomon acarna (L.) Cass.,3146150,Picnomon acarna (L.) Cass.,10,SPECIES,ACCEPTED,Plantae,6,Tracheophyta,7707728,Magnoliopsida,220,Asterales,414,Asteraceae,3065,Picnomon,3146149.0,Picnomon acarna,3146150.0,Not Evaluated
7956664,Quercus faginea Ten.,7226619,Quercus pubescens subsp. pubescens,7,SPECIES,SYNONYM,Plantae,6,Tracheophyta,7707728,Magnoliopsida,220,Fagales,1354,Fagaceae,4689,Quercus,2877951.0,Quercus pubescens,2881283.0,Not Evaluated
7331435,Cistus albidus L.,7331435,Cistus albidus L.,76,SPECIES,ACCEPTED,Plantae,6,Tracheophyta,7707728,Magnoliopsida,220,Malvales,941,Cistaceae,6635,Cistus,2874026.0,Cistus albidus,7331435.0,Not Evaluated
7732806,Lonicera etrusca Ten.,5598568,Lonicera stabiana Pasq.,3,SPECIES,SYNONYM,Plantae,6,Tracheophyta,7707728,Magnoliopsida,220,Dipsacales,946,Caprifoliaceae,6710,Lonicera,2888645.0,Lonicera stabiana,5598568.0,Not Evaluated
3895398,Acinos alpinus subsp. meridionalis (Nyman) P.W.Ball,3888325,Clinopodium alpinum subsp. meridionale (Nyman) Govaerts,19,SUBSPECIES,SYNONYM,Plantae,6,Tracheophyta,7707728,Magnoliopsida,220,Lamiales,408,Lamiaceae,2497,Clinopodium,2926907.0,Clinopodium alpinum,7307319.0,
3096840,Ptilostemon hispanicus (Lam.) Greuter,3096840,Ptilostemon hispanicus (Lam.) Greuter,89,SPECIES,ACCEPTED,Plantae,6,Tracheophyta,7707728,Magnoliopsida,220,Asterales,414,Asteraceae,3065,Ptilostemon,3096839.0,Ptilostemon hispanicus,3096840.0,Not Evaluated
2739695,Merendera pyrenaica (Pourr.) P.Fourn.,2739671,Colchicum montanum L.,1,SPECIES,SYNONYM,Plantae,6,Tracheophyta,7707728,Liliopsida,196,Liliales,1172,Colchicaceae,7697,Colchicum,2739608.0,Colchicum montanum,2739671.0,Not Evaluated
7301101,Knautia subscaposa Boiss. & Reut.,7301101,Knautia subscaposa Boiss. & Reut.,2,SPECIES,ACCEPTED,Plantae,6,Tracheophyta,7707728,Magnoliopsida,220,Dipsacales,946,Caprifoliaceae,6710,Knautia,2888807.0,Knautia subscaposa,7301101.0,Not Evaluated
