taxonKey	scientificName	acceptedTaxonKey	acceptedScientificName	numberOfOccurrences	taxonRank	taxonomicStatus	kingdom	kingdomKey	phylum	phylumKey	class	classKey	order	orderKey	family	familyKey	genus	genusKey	species	speciesKey	iucnRedListCategory
4932234	Dactylis glomerata subsp. hispanica (Roth) Nyman	4932234	Dactylis glomerata subsp. hispanica (Roth) Nyman	103	SUBSPECIES	ACCEPTED	Plantae	6	Tracheophyta	7707728	Liliopsida	196	Poales	1369	Poaceae	3073	Dactylis	2705307	Dactylis glomerata	2705308	
2795869	Cephalanthera longifolia (L.) Fritsch	2795869	Cephalanthera longifolia (L.) Fritsch	2	SPECIES	ACCEPTED	Plantae	6	Tracheophyta	7707728	Liliopsida	196	Asparagales	1169	Orchidaceae	7689	Cephalanthera	2795844	Cephalanthera longifolia	2795869	NE
3045178	Alyssum granatense Boiss. & Reut.	3045178	Alyssum granatense Boiss. & Reut.	1	SPECIES	ACCEPTED	Plantae	6	Tracheophyta	7707728	Magnoliopsida	220	Brassicales	7225535	Brassicaceae	3112	Alyssum	3044728	Alyssum granatense	3045178	NE
3899231	Ziziphora hispanica L.	3899231	Ziziphora hispanica L.	1	SPECIES	ACCEPTED	Plantae	6	Tracheophyta	7707728	Magnoliopsida	220	Lamiales	408	Lamiaceae	2497	Ziziphora	7308760	Ziziphora hispanica	3899231	NE
5578470	Globularia alypum Delile	5578470	Globularia alypum Delile	1	SPECIES	DOUBTFUL	Plantae	6	Tracheophyta	7707728	Magnoliopsida	220	Lamiales	408	Plantaginaceae	2420	Globularia	3233698	Globularia alypum	5578470	NE
5668144	Armeria filicaulis subsp. nevadensis Nieto Fel., Rosselló & Fuertes	5668144	Armeria filicaulis subsp. nevadensis Nieto Fel., Rosselló & Fuertes	6	SUBSPECIES	ACCEPTED	Plantae	6	Tracheophyta	7707728	Magnoliopsida	220	Caryophyllales	422	Plumbaginaceae	2419	Armeria	3082288	Armeria filicaulis	7298105	
8162318	Ephedra distachya Forssk., 1775	8162318	Ephedra distachya Forssk., 1775	1	SPECIES	DOUBTFUL	Plantae	6	Tracheophyta	7707728	Gnetopsida	282	Ephedrales	424	Ephedraceae	3114	Ephedra	2653237	Ephedra distachya	8162318	NE
3121319	Artemisia absinthium L.	3121319	Artemisia absinthium L.	3	SPECIES	ACCEPTED	Plantae	6	Tracheophyta	7707728	Magnoliopsida	220	Asterales	414	Asteraceae	3065	Artemisia	3120641	Artemisia absinthium	3121319	NE
3742445	Anarrhinum laxiflorum Boiss.	3742445	Anarrhinum laxiflorum Boiss.	1	SPECIES	ACCEPTED	Plantae	6	Tracheophyta	7707728	Magnoliopsida	220	Lamiales	408	Plantaginaceae	2420	Anarrhinum	7333412	Anarrhinum laxiflorum	3742445	NE
10356062	Lathyrus L.	10356062	Lathyrus L.	6	GENUS	ACCEPTED	Plantae	6	Tracheophyta	7707728	Magnoliopsida	220	Fabales	1370	Fabaceae	5386	Lathyrus	10356062			NE
4033064	Rumex induratus Boiss. & Reut.	4033064	Rumex induratus Boiss. & Reut.	19	SPECIES	ACCEPTED	Plantae	6	Tracheophyta	7707728	Magnoliopsida	220	Caryophyllales	422	Polygonaceae	2416	Rumex	2888942	Rumex induratus	4033064	NE
8378518	Sideritis hirsuta Gouan, 1764	2927298	Stachys recta L.	3	SPECIES	SYNONYM	Plantae	6	Tracheophyta	7707728	Magnoliopsida	220	Lamiales	408	Lamiaceae	2497	Stachys	2927228	Stachys recta	2927298	NE
4251778	Hieracium pilosella subsp. tricholepium Nägeli & Peter	3122946	Pilosella ×tricholepia (Nägeli & Peter) Dostál	144	SUBSPECIES	SYNONYM	Plantae	6	Tracheophyta	7707728	Magnoliopsida	220	Asterales	414	Asteraceae	3065	Pilosella	8179194	Pilosella tricholepia	3122946	
3002461	Rosa canina L.	3002461	Rosa canina L.	108	SPECIES	ACCEPTED	Plantae	6	Tracheophyta	7707728	Magnoliopsida	220	Rosales	691	Rosaceae	5015	Rosa	8395064	Rosa canina	3002461	NE
2747328	Crocus nevadensis Amo & Campo	2747328	Crocus nevadensis Amo & Campo	2	SPECIES	ACCEPTED	Plantae	6	Tracheophyta	7707728	Liliopsida	196	Asparagales	1169	Iridaceae	7698	Crocus	2747303	Crocus nevadensis	2747328	LC
3120786	Artemisia barrelieri Besser	3120786	Artemisia barrelieri Besser	13	SPECIES	ACCEPTED	Plantae	6	Tracheophyta	7707728	Magnoliopsida	220	Asterales	414	Asteraceae	3065	Artemisia	3120641	Artemisia barrelieri	3120786	NE
5611658	Cytisus scoparius subsp. reverchonii (Degen & Hervier) Rivas Goday & Rivas Mart.	5611658	Cytisus scoparius subsp. reverchonii (Degen & Hervier) Rivas Goday & Rivas Mart.	36	SUBSPECIES	ACCEPTED	Plantae	6	Tracheophyta	7707728	Magnoliopsida	220	Fabales	1370	Fabaceae	5386	Cytisus	8089532	Cytisus scoparius	5354656	
2977757	Erinacea anthyllis Link	2977757	Erinacea anthyllis Link	79	SPECIES	ACCEPTED	Plantae	6	Tracheophyta	7707728	Magnoliopsida	220	Fabales	1370	Fabaceae	5386	Erinacea	2977754	Erinacea anthyllis	2977757	NE
5529030	Paronychia suffruticosa (L.) DC.	5529030	Paronychia suffruticosa (L.) DC.	108	SPECIES	ACCEPTED	Plantae	6	Tracheophyta	7707728	Magnoliopsida	220	Caryophyllales	422	Caryophyllaceae	2518	Paronychia	8020237	Paronychia suffruticosa	5529030	NE
2952882	Bituminaria bituminosa (L.) C.H.Stirt.	2952882	Bituminaria bituminosa (L.) C.H.Stirt.	9	SPECIES	ACCEPTED	Plantae	6	Tracheophyta	7707728	Magnoliopsida	220	Fabales	1370	Fabaceae	5386	Bituminaria	2952881	Bituminaria bituminosa	2952882	NE
7597782	Juncus inflexus With., 1776	7597782	Juncus inflexus With., 1776	2	SPECIES	DOUBTFUL	Plantae	6	Tracheophyta	7707728	Liliopsida	196	Poales	1369	Juncaceae	5353	Juncus	2701072	Juncus inflexus	7597782	NE
3895815	Teucrium lerrouxii Sennen	3898475	Teucrium aureum subsp. turdetanum Devesa & Valdés Berm.	5	SPECIES	SYNONYM	Plantae	6	Tracheophyta	7707728	Magnoliopsida	220	Lamiales	408	Lamiaceae	2497	Teucrium	2926895	Teucrium aureum	7308731	NE
7956124	Sorbus aria Wimm. ex Nyman	7956124	Sorbus aria Wimm. ex Nyman	13	SPECIES	DOUBTFUL	Plantae	6	Tracheophyta	7707728	Magnoliopsida	220	Rosales	691	Rosaceae	5015	Sorbus	3012146	Sorbus aria	7956124	NE
6439389	Chaenorhinum minus subsp. minus	6439389	Chaenorhinum minus subsp. minus	2	SUBSPECIES	ACCEPTED	Plantae	6	Tracheophyta	7707728	Magnoliopsida	220	Lamiales	408	Plantaginaceae	2420	Chaenorhinum	3171668	Chaenorhinum minus	3171669	
7267966	Arenaria armerina subsp. armerina	7267966	Arenaria armerina subsp. armerina	13	SUBSPECIES	ACCEPTED	Plantae	6	Tracheophyta	7707728	Magnoliopsida	220	Caryophyllales	422	Caryophyllaceae	2518	Arenaria	7937950	Arenaria armerina	7267965	
5356701	Lathyrus pratensis L.	5356701	Lathyrus pratensis L.	3	SPECIES	ACCEPTED	Plantae	6	Tracheophyta	7707728	Magnoliopsida	220	Fabales	1370	Fabaceae	5386	Lathyrus	10356062	Lathyrus pratensis	5356701	LC
3022502	Prunus dulcis (Mill.) D.A.Webb	3022502	Prunus dulcis (Mill.) D.A.Webb	5	SPECIES	ACCEPTED	Plantae	6	Tracheophyta	7707728	Magnoliopsida	220	Rosales	691	Rosaceae	5015	Prunus	3020559	Prunus dulcis	3022502	NE
3892431	Teucrium webbianum Boiss.	3892431	Teucrium webbianum Boiss.	1	SPECIES	ACCEPTED	Plantae	6	Tracheophyta	7707728	Magnoliopsida	220	Lamiales	408	Lamiaceae	2497	Teucrium	2926895	Teucrium webbianum	3892431	NE
7385922	Crepis albida Bory & Chaub.	8058560	Crepis incana Sibth. & Sm.	1	SPECIES	SYNONYM	Plantae	6	Tracheophyta	7707728	Magnoliopsida	220	Asterales	414	Asteraceae	3065	Crepis	3143303	Crepis incana	8058560	NE
4148798	Avenula bromoides subsp. pauneroi Romero Zarco	7468852	Helictochloa bromoides subsp. pauneroi (Romero Zarco) Romero Zarco	74	SUBSPECIES	SYNONYM	Plantae	6	Tracheophyta	7707728	Liliopsida	196	Poales	1369	Poaceae	3073	Helictochloa	9459144	Helictochloa bromoides	6559940	
5598572	Lonicera splendida Boiss.	5598572	Lonicera splendida Boiss.	3	SPECIES	ACCEPTED	Plantae	6	Tracheophyta	7707728	Magnoliopsida	220	Dipsacales	946	Caprifoliaceae	6710	Lonicera	2888645	Lonicera splendida	5598572	NE
3105391	Carlina corymbosa L.	3105391	Carlina corymbosa L.	91	SPECIES	ACCEPTED	Plantae	6	Tracheophyta	7707728	Magnoliopsida	220	Asterales	414	Asteraceae	3065	Carlina	3105349	Carlina corymbosa	3105391	NE
3048479	Erysimum baeticum (Heywood) Polatschek	3048479	Erysimum baeticum (Heywood) Polatschek	2	SPECIES	ACCEPTED	Plantae	6	Tracheophyta	7707728	Magnoliopsida	220	Brassicales	7225535	Brassicaceae	3112	Erysimum	3048056	Erysimum baeticum	3048479	NE
3066236	Euphorbia nevadensis Boiss. & Reut.	3066236	Euphorbia nevadensis Boiss. & Reut.	12	SPECIES	ACCEPTED	Plantae	6	Tracheophyta	7707728	Magnoliopsida	220	Malpighiales	1414	Euphorbiaceae	4691	Euphorbia	11397237	Euphorbia nevadensis	3066236	LC
3595595	Fumana ericifolia Wallr.	3595595	Fumana ericifolia Wallr.	3	SPECIES	ACCEPTED	Plantae	6	Tracheophyta	7707728	Magnoliopsida	220	Malvales	941	Cistaceae	6635	Fumana	7331269	Fumana ericifolia	3595595	NE
3189486	Hypericum perforatum L.	3189486	Hypericum perforatum L.	18	SPECIES	ACCEPTED	Plantae	6	Tracheophyta	7707728	Magnoliopsida	220	Malpighiales	1414	Hypericaceae	4900406	Hypericum	3189452	Hypericum perforatum	3189486	NE
7331286	Halimium atriplicifolium (Lam.) Spach	7331286	Halimium atriplicifolium (Lam.) Spach	21	SPECIES	ACCEPTED	Plantae	6	Tracheophyta	7707728	Magnoliopsida	220	Malvales	941	Cistaceae	6635	Halimium	6437972	Halimium atriplicifolium	7331286	NE
3128025	Centaurea ornata Willd.	3128025	Centaurea ornata Willd.	29	SPECIES	ACCEPTED	Plantae	6	Tracheophyta	7707728	Magnoliopsida	220	Asterales	414	Asteraceae	3065	Centaurea	3127469	Centaurea ornata	3128025	NE
8196507	Pinus nigra Aiton	5284802	Picea mariana (Mill.) Britton et al.	103	SPECIES	SYNONYM	Plantae	6	Tracheophyta	7707728	Pinopsida	194	Pinales	640	Pinaceae	3925	Picea	7606064	Picea mariana	5284802	NE
5372513	Salix alba L.	5372513	Salix alba L.	2	SPECIES	ACCEPTED	Plantae	6	Tracheophyta	7707728	Magnoliopsida	220	Malpighiales	1414	Salicaceae	6664	Salix	3039576	Salix alba	5372513	LC
3034426	Eryngium campestre L.	3034426	Eryngium campestre L.	128	SPECIES	ACCEPTED	Plantae	6	Tracheophyta	7707728	Magnoliopsida	220	Apiales	1351	Apiaceae	6720	Eryngium	3034387	Eryngium campestre	3034426	NE
7477337	Pimpinella tragium subsp. lithophila (Schischk.) Tutin	7477337	Pimpinella tragium subsp. lithophila (Schischk.) Tutin	2	SUBSPECIES	ACCEPTED	Plantae	6	Tracheophyta	7707728	Magnoliopsida	220	Apiales	1351	Apiaceae	6720	Pimpinella	3034784	Pimpinella tragium	6026779	
2878826	Quercus pyrenaica Willd.	2878826	Quercus pyrenaica Willd.	41	SPECIES	ACCEPTED	Plantae	6	Tracheophyta	7707728	Magnoliopsida	220	Fagales	1354	Fagaceae	4689	Quercus	2877951	Quercus pyrenaica	2878826	LC
2892953	Putoria calabrica (L.f.) DC.	3846360	Plocama calabrica (L.f.) M.Backlund & Thulin	9	SPECIES	SYNONYM	Plantae	6	Tracheophyta	7707728	Magnoliopsida	220	Gentianales	412	Rubiaceae	8798	Plocama	2904110	Plocama calabrica	3846360	NE
4124641	Festuca elegans Boiss.	4124641	Festuca elegans Boiss.	56	SPECIES	ACCEPTED	Plantae	6	Tracheophyta	7707728	Liliopsida	196	Poales	1369	Poaceae	3073	Festuca	2704913	Festuca elegans	4124641	NE
4151693	Koeleria crassipes Lange	4151693	Koeleria crassipes Lange	2	SPECIES	ACCEPTED	Plantae	6	Tracheophyta	7707728	Liliopsida	196	Poales	1369	Poaceae	3073	Koeleria	2705912	Koeleria crassipes	4151693	NE
3640194	Ridolfia segetum (L.) Moris	3640194	Ridolfia segetum (L.) Moris	2	SPECIES	ACCEPTED	Plantae	6	Tracheophyta	7707728	Magnoliopsida	220	Apiales	1351	Apiaceae	6720	Ridolfia	6027217	Ridolfia segetum	3640194	NE
8625614	Lactuca viminea (L.) J.Presl & C.Presl	8625614	Lactuca viminea (L.) J.Presl & C.Presl	1	SPECIES	ACCEPTED	Plantae	6	Tracheophyta	7707728	Magnoliopsida	220	Asterales	414	Asteraceae	3065	Lactuca	3140231	Lactuca viminea	8625614	NE
3113729	Cirsium odontolepis Boiss. ex DC.	3113729	Cirsium odontolepis Boiss. ex DC.	12	SPECIES	ACCEPTED	Plantae	6	Tracheophyta	7707728	Magnoliopsida	220	Asterales	414	Asteraceae	3065	Cirsium	3112554	Cirsium odontolepis	3113729	NE
7311306	Daphne gnidium L.	7311306	Daphne gnidium L.	27	SPECIES	ACCEPTED	Plantae	6	Tracheophyta	7707728	Magnoliopsida	220	Malvales	941	Thymelaeaceae	2428	Daphne	3188453	Daphne gnidium	7311306	NE
2768995	Asparagus acutifolius L.	2768995	Asparagus acutifolius L.	3	SPECIES	ACCEPTED	Plantae	6	Tracheophyta	7707728	Liliopsida	196	Asparagales	1169	Asparagaceae	7683	Asparagus	9527393	Asparagus acutifolius	2768995	LC
5672783	Elymus hispanicus (Boiss.) Talavera	4107443	Elymus panormitanus (Parl.) Tzvelev	1	SPECIES	SYNONYM	Plantae	6	Tracheophyta	7707728	Liliopsida	196	Poales	1369	Poaceae	3073	Elymus	10465436	Elymus panormitanus	4107443	NE
7960979	Urtica dioica L.	7960979	Urtica dioica L.	9	SPECIES	ACCEPTED	Plantae	6	Tracheophyta	7707728	Magnoliopsida	220	Rosales	691	Urticaceae	6639	Urtica	2984391	Urtica dioica	7960979	LC
9624496	Allium L.	9624496	Allium L.	4	GENUS	ACCEPTED	Plantae	6	Tracheophyta	7707728	Liliopsida	196	Asparagales	1169	Amaryllidaceae	7682	Allium	9624496			
5352251	Robinia pseudoacacia L.	5352251	Robinia pseudoacacia L.	1	SPECIES	ACCEPTED	Plantae	6	Tracheophyta	7707728	Magnoliopsida	220	Fabales	1370	Fabaceae	5386	Robinia	2952066	Robinia pseudoacacia	5352251	LC
7331278	Fumana thymifolia (L.) Spach	7331278	Fumana thymifolia (L.) Spach	36	SPECIES	DOUBTFUL	Plantae	6	Tracheophyta	7707728	Magnoliopsida	220	Malvales	941	Cistaceae	6635	Fumana	7331269	Fumana thymifolia	7331278	NE
3127494	Centaurea monticola Boiss. ex DC.	3127494	Centaurea monticola Boiss. ex DC.	12	SPECIES	ACCEPTED	Plantae	6	Tracheophyta	7707728	Magnoliopsida	220	Asterales	414	Asteraceae	3065	Centaurea	3127469	Centaurea monticola	3127494	NE
8208358	Plantago lanceolata L.	8208358	Plantago lanceolata L.	1	SPECIES	ACCEPTED	Plantae	6	Tracheophyta	7707728	Magnoliopsida	220	Lamiales	408	Plantaginaceae	2420	Plantago	3189695	Plantago lanceolata	8208358	NE
2996929	Rubus ulmifolius Schott	2996929	Rubus ulmifolius Schott	40	SPECIES	ACCEPTED	Plantae	6	Tracheophyta	7707728	Magnoliopsida	220	Rosales	691	Rosaceae	5015	Rubus	2988638	Rubus ulmifolius	2996929	NE
8185944	Rosa sicula Tratt.	3003781	Rosa pulverulenta M.Bieb.	38	SPECIES	SYNONYM	Plantae	6	Tracheophyta	7707728	Magnoliopsida	220	Rosales	691	Rosaceae	5015	Rosa	8395064	Rosa pulverulenta	3003781	NE
7695794	Crepis oporinoides Boiss.	7695794	Crepis oporinoides Boiss.	1	SPECIES	DOUBTFUL	Plantae	6	Tracheophyta	7707728	Magnoliopsida	220	Asterales	414	Asteraceae	3065	Crepis	3143303	Crepis oporinoides	7695794	NE
2701311	Juncus effusus L.	2701311	Juncus effusus L.	2	SPECIES	ACCEPTED	Plantae	6	Tracheophyta	7707728	Liliopsida	196	Poales	1369	Juncaceae	5353	Juncus	2701072	Juncus effusus	2701311	LC
5354590	Cytisus grandiflorus DC.	5354590	Cytisus grandiflorus DC.	7	SPECIES	ACCEPTED	Plantae	6	Tracheophyta	7707728	Magnoliopsida	220	Fabales	1370	Fabaceae	5386	Cytisus	8089532	Cytisus grandiflorus	5354590	NE
6370689	Capparis spinosa L.	6370689	Capparis spinosa L.	1	SPECIES	ACCEPTED	Plantae	6	Tracheophyta	7707728	Magnoliopsida	220	Brassicales	7225535	Capparaceae	3111	Capparis	3054191	Capparis spinosa	6370689	LC
7307347	Thymus granatensis subsp. granatensis	7307347	Thymus granatensis subsp. granatensis	2	SUBSPECIES	ACCEPTED	Plantae	6	Tracheophyta	7707728	Magnoliopsida	220	Lamiales	408	Lamiaceae	2497	Thymus	2926960	Thymus granatensis	7307346	
3046765	Sisymbrium erysimoides Desf.	3046765	Sisymbrium erysimoides Desf.	6	SPECIES	ACCEPTED	Plantae	6	Tracheophyta	7707728	Magnoliopsida	220	Brassicales	7225535	Brassicaceae	3112	Sisymbrium	3046735	Sisymbrium erysimoides	3046765	NE
3887383	Phlomis lychnitis L.	3887383	Phlomis lychnitis L.	8	SPECIES	ACCEPTED	Plantae	6	Tracheophyta	7707728	Magnoliopsida	220	Lamiales	408	Lamiaceae	2497	Phlomis	2927450	Phlomis lychnitis	3887383	NE
7388758	Celtis australis A.Rich.	4159612	Celtis adolfi-friderici Engl.	1	SPECIES	SYNONYM	Plantae	6	Tracheophyta	7707728	Magnoliopsida	220	Rosales	691	Cannabaceae	2384	Celtis	2984479	Celtis adolfi-friderici	4159612	NE
7793938	Thymus zygis L.	7793938	Thymus zygis L.	24	SPECIES	ACCEPTED	Plantae	6	Tracheophyta	7707728	Magnoliopsida	220	Lamiales	408	Lamiaceae	2497	Thymus	2926960	Thymus zygis	7793938	NE
5352466	Anthyllis cytisoides L.	5352466	Anthyllis cytisoides L.	14	SPECIES	ACCEPTED	Plantae	6	Tracheophyta	7707728	Magnoliopsida	220	Fabales	1370	Fabaceae	5386	Anthyllis	2952416	Anthyllis cytisoides	5352466	NE
2723055	Carex halleriana Asso	2723055	Carex halleriana Asso	5	SPECIES	ACCEPTED	Plantae	6	Tracheophyta	7707728	Liliopsida	196	Poales	1369	Cyperaceae	7708	Carex	2721893	Carex halleriana	2723055	NE
3007783	Rosa corymbifera Borkh.	3007783	Rosa corymbifera Borkh.	1	SPECIES	ACCEPTED	Plantae	6	Tracheophyta	7707728	Magnoliopsida	220	Rosales	691	Rosaceae	5015	Rosa	8395064	Rosa corymbifera	3007783	NE
5348659	Coronilla juncea L.	5348659	Coronilla juncea L.	15	SPECIES	ACCEPTED	Plantae	6	Tracheophyta	7707728	Magnoliopsida	220	Fabales	1370	Fabaceae	5386	Coronilla	2943640	Coronilla juncea	5348659	NE
5290194	Corynephorus canescens (L.) P.Beauv.	5290194	Corynephorus canescens (L.) P.Beauv.	55	SPECIES	ACCEPTED	Plantae	6	Tracheophyta	7707728	Liliopsida	196	Poales	1369	Poaceae	3073	Corynephorus	2706183	Corynephorus canescens	5290194	NE
3144041	Xeranthemum inapertum (L.) Mill.	3144041	Xeranthemum inapertum (L.) Mill.	1	SPECIES	ACCEPTED	Plantae	6	Tracheophyta	7707728	Magnoliopsida	220	Asterales	414	Asteraceae	3065	Xeranthemum	3144032	Xeranthemum inapertum	3144041	NE
7929011	Juniperus communis Thunb.	7326375	Juniperus rigida var. rigida	27	SPECIES	SYNONYM	Plantae	6	Tracheophyta	7707728	Pinopsida	194	Pinales	640	Cupressaceae	8144	Juniperus	2684359	Juniperus rigida	2684517	NE
5605418	Thymus serpylloides subsp. gadorensis (Pau) Jalas	5605418	Thymus serpylloides subsp. gadorensis (Pau) Jalas	149	SUBSPECIES	ACCEPTED	Plantae	6	Tracheophyta	7707728	Magnoliopsida	220	Lamiales	408	Lamiaceae	2497	Thymus	2926960	Thymus serpylloides	7306662	
3916495	Reseda complicata Bory	3916495	Reseda complicata Bory	14	SPECIES	ACCEPTED	Plantae	6	Tracheophyta	7707728	Magnoliopsida	220	Brassicales	7225535	Resedaceae	3110	Reseda	3040250	Reseda complicata	3916495	NE
5368537	Potentilla reuteri Boiss.	5368537	Potentilla reuteri Boiss.	6	SPECIES	ACCEPTED	Plantae	6	Tracheophyta	7707728	Magnoliopsida	220	Rosales	691	Rosaceae	5015	Potentilla	8079058	Potentilla reuteri	5368537	NE
8223321	Juniperus oxycedrus Hochst.	8223321	Juniperus oxycedrus Hochst.	65	SPECIES	DOUBTFUL	Plantae	6	Tracheophyta	7707728	Pinopsida	194	Pinales	640	Cupressaceae	8144	Juniperus	2684359	Juniperus oxycedrus	8223321	NE
3811439	Cerastium gibraltaricum Boiss.	3811439	Cerastium gibraltaricum Boiss.	44	SPECIES	ACCEPTED	Plantae	6	Tracheophyta	7707728	Magnoliopsida	220	Caryophyllales	422	Caryophyllaceae	2518	Cerastium	2873815	Cerastium gibraltaricum	3811439	NE
8409749	Anarrhinum bellidifolium Fenzl ex Jaub. & Spach	3742503	Anarrhinum forskaohlii subsp. abyssinicum (Jaub. & Spach) D.A.Sutton	3	SPECIES	SYNONYM	Plantae	6	Tracheophyta	7707728	Magnoliopsida	220	Lamiales	408	Plantaginaceae	2420	Anarrhinum	7333412	Anarrhinum forskaohlii	7333435	NE
2892347	Rubia peregrina L.	2892347	Rubia peregrina L.	72	SPECIES	ACCEPTED	Plantae	6	Tracheophyta	7707728	Magnoliopsida	220	Gentianales	412	Rubiaceae	8798	Rubia	2892184	Rubia peregrina	2892347	NE
9079676	Pinus sylvestris Lour., 1790	9079676	Pinus sylvestris Lour., 1790	242	SPECIES	DOUBTFUL	Plantae	6	Tracheophyta	7707728	Pinopsida	194	Pinales	640	Pinaceae	3925	Pinus	2684241	Pinus sylvestris	9079676	NE
3636202	Bupleurum spinosum Gouan & Ill.Observ.Bot.	3638805	Bupleurum fruticescens subsp. spinosum (Gouan) O.Bolòs & Vigo	27	SPECIES	SYNONYM	Plantae	6	Tracheophyta	7707728	Magnoliopsida	220	Apiales	1351	Apiaceae	6720	Bupleurum	3034551	Bupleurum fruticescens	6027094	NE
7318448	Eryngium bourgatii Gouan	7318448	Eryngium bourgatii Gouan	1	SPECIES	ACCEPTED	Plantae	6	Tracheophyta	7707728	Magnoliopsida	220	Apiales	1351	Apiaceae	6720	Eryngium	3034387	Eryngium bourgatii	7318448	NE
3125943	Santolina elegans Boiss. ex DC.	3125943	Santolina elegans Boiss. ex DC.	2	SPECIES	ACCEPTED	Plantae	6	Tracheophyta	7707728	Magnoliopsida	220	Asterales	414	Asteraceae	3065	Santolina	3125925	Santolina elegans	3125943	VU
5284702	Cedrus atlantica (Endl.) Manetti ex Carriere	5284702	Cedrus atlantica (Endl.) Manetti ex Carriere	5	SPECIES	ACCEPTED	Plantae	6	Tracheophyta	7707728	Pinopsida	194	Pinales	640	Pinaceae	3925	Cedrus	2685742	Cedrus atlantica	5284702	EN
5285682	Pinus sylvestris var. nevadensis H.Christ	7230693	Pinus sylvestris var. sylvestris	9	VARIETY	SYNONYM	Plantae	6	Tracheophyta	7707728	Pinopsida	194	Pinales	640	Pinaceae	3925	Pinus	2684241	Pinus sylvestris	5285637	
2951626	Adenocarpus decorticans Boiss.	2951626	Adenocarpus decorticans Boiss.	143	SPECIES	ACCEPTED	Plantae	6	Tracheophyta	7707728	Magnoliopsida	220	Fabales	1370	Fabaceae	5386	Adenocarpus	2951623	Adenocarpus decorticans	2951626	NE
3876862	Rhamnus myrtifolia Willk.	3876862	Rhamnus myrtifolia Willk.	26	SPECIES	ACCEPTED	Plantae	6	Tracheophyta	7707728	Magnoliopsida	220	Rosales	691	Rhamnaceae	2407	Rhamnus	3039471	Rhamnus myrtifolia	3876862	NE
4122688	Festuca hystrix Boiss.	4122688	Festuca hystrix Boiss.	47	SPECIES	ACCEPTED	Plantae	6	Tracheophyta	7707728	Liliopsida	196	Poales	1369	Poaceae	3073	Festuca	2704913	Festuca hystrix	4122688	NE
3595086	Helianthemum hirtum (L.) Mill.	3595086	Helianthemum hirtum (L.) Mill.	45	SPECIES	ACCEPTED	Plantae	6	Tracheophyta	7707728	Magnoliopsida	220	Malvales	941	Cistaceae	6635	Helianthemum	2874068	Helianthemum hirtum	3595086	NE
3040252	Reseda lutea L.	3040252	Reseda lutea L.	1	SPECIES	ACCEPTED	Plantae	6	Tracheophyta	7707728	Magnoliopsida	220	Brassicales	7225535	Resedaceae	3110	Reseda	3040250	Reseda lutea	3040252	NE
3630352	Peucedanum hispanicum Endl. ex Walp.	3630352	Peucedanum hispanicum Endl. ex Walp.	1	SPECIES	ACCEPTED	Plantae	6	Tracheophyta	7707728	Magnoliopsida	220	Apiales	1351	Apiaceae	6720	Peucedanum	3034224	Peucedanum hispanicum	3630352	NE
3134867	Catananche caerulea L.	3134867	Catananche caerulea L.	1	SPECIES	ACCEPTED	Plantae	6	Tracheophyta	7707728	Magnoliopsida	220	Asterales	414	Asteraceae	3065	Catananche	3134863	Catananche caerulea	3134867	NE
3113404	Cirsium pyrenaicum (Jacq.) All.	3113404	Cirsium pyrenaicum (Jacq.) All.	3	SPECIES	ACCEPTED	Plantae	6	Tracheophyta	7707728	Magnoliopsida	220	Asterales	414	Asteraceae	3065	Cirsium	3112554	Cirsium pyrenaicum	3113404	NE
5582546	Salix atrocinerea Brot.	5582546	Salix atrocinerea Brot.	6	SPECIES	ACCEPTED	Plantae	6	Tracheophyta	7707728	Magnoliopsida	220	Malpighiales	1414	Salicaceae	6664	Salix	3039576	Salix atrocinerea	5582546	LC
5676053	Brachypodium retusum (Pers.) P.Beauv.	5676053	Brachypodium retusum (Pers.) P.Beauv.	62	SPECIES	ACCEPTED	Plantae	6	Tracheophyta	7707728	Liliopsida	196	Poales	1369	Poaceae	3073	Brachypodium	2705713	Brachypodium retusum	5676053	LC
6421637	Vinca difformis Pourr.	6421637	Vinca difformis Pourr.	4	SPECIES	ACCEPTED	Plantae	6	Tracheophyta	7707728	Magnoliopsida	220	Gentianales	412	Apocynaceae	6701	Vinca	3169706	Vinca difformis	6421637	NE
4119379	Agrostis nevadensis Boiss.	4119379	Agrostis nevadensis Boiss.	1	SPECIES	ACCEPTED	Plantae	6	Tracheophyta	7707728	Liliopsida	196	Poales	1369	Poaceae	3073	Agrostis	2706434	Agrostis nevadensis	4119379	LC
7307299	Phlomis crinita Cav.	7307299	Phlomis crinita Cav.	87	SPECIES	ACCEPTED	Plantae	6	Tracheophyta	7707728	Magnoliopsida	220	Lamiales	408	Lamiaceae	2497	Phlomis	2927450	Phlomis crinita	7307299	NE
4114692	Festuca scariosa (Lag.) Pau	4114692	Festuca scariosa (Lag.) Pau	174	SPECIES	ACCEPTED	Plantae	6	Tracheophyta	7707728	Liliopsida	196	Poales	1369	Poaceae	3073	Festuca	2704913	Festuca scariosa	4114692	NE
5357013	Lotus corniculatus L.	5357013	Lotus corniculatus L.	5	SPECIES	ACCEPTED	Plantae	6	Tracheophyta	7707728	Magnoliopsida	220	Fabales	1370	Fabaceae	5386	Lotus	10220564	Lotus corniculatus	5357013	NE
6711137	Salix eleagnos subsp. angustifolia (Cariot) Rech.f.	8257857	Salix elaeagnos subsp. angustifolia (Cariot) Rech.fil.	1	SUBSPECIES	SYNONYM	Plantae	6	Tracheophyta	7707728	Magnoliopsida	220	Malpighiales	1414	Salicaceae	6664	Salix	3039576	Salix elaeagnos	5582947	
7554372	Solidago virgaurea Bigelow, 1824	7554372	Solidago virgaurea Bigelow, 1824	2	SPECIES	DOUBTFUL	Plantae	6	Tracheophyta	7707728	Magnoliopsida	220	Asterales	414	Asteraceae	3065	Solidago	5388868	Solidago virgaurea	7554372	NE
7862383	Pinus pinaster Besser, 1809	7862383	Pinus pinaster Besser, 1809	146	SPECIES	DOUBTFUL	Plantae	6	Tracheophyta	7707728	Pinopsida	194	Pinales	640	Pinaceae	3925	Pinus	2684241	Pinus pinaster	7862383	NE
7764886	Astragalus granatensis Lam. ex Steud., 1821	7764886	Astragalus granatensis Lam. ex Steud., 1821	3	SPECIES	DOUBTFUL	Plantae	6	Tracheophyta	7707728	Magnoliopsida	220	Fabales	1370	Fabaceae	5386	Astragalus	2933951	Astragalus granatensis	7764886	NE
7311323	Thymelaea tartonraira (L.) All.	7311323	Thymelaea tartonraira (L.) All.	64	SPECIES	ACCEPTED	Plantae	6	Tracheophyta	7707728	Magnoliopsida	220	Malvales	941	Thymelaeaceae	2428	Thymelaea	7766225	Thymelaea tartonraira	7311323	NE
7545328	Anthyllis vulneraria subsp. gandogeri (Sagorski) Maire	7545328	Anthyllis vulneraria subsp. gandogeri (Sagorski) Maire	2	SUBSPECIES	ACCEPTED	Plantae	6	Tracheophyta	7707728	Magnoliopsida	220	Fabales	1370	Fabaceae	5386	Anthyllis	2952416	Anthyllis vulneraria	5352367	
7920330	Artemisia campestris var. glutinosa (Gay ex Besser) Y.R.Ling	7222939	Artemisia campestris subsp. campestris	145	VARIETY	SYNONYM	Plantae	6	Tracheophyta	7707728	Magnoliopsida	220	Asterales	414	Asteraceae	3065	Artemisia	3120641	Artemisia campestris	3121461	
6064174	Senecio malacitanus Huter	6064174	Senecio malacitanus Huter	3	SPECIES	ACCEPTED	Plantae	6	Tracheophyta	7707728	Magnoliopsida	220	Asterales	414	Asteraceae	3065	Senecio	3106738	Senecio malacitanus	6064174	NE
3015272	Crataegus granatensis Boiss.	3015272	Crataegus granatensis Boiss.	2	SPECIES	ACCEPTED	Plantae	6	Tracheophyta	7707728	Magnoliopsida	220	Rosales	691	Rosaceae	5015	Crataegus	3013395	Crataegus granatensis	3015272	NE
7656386	Pistacia terebinthus M.Bieb., 1808	7656386	Pistacia terebinthus M.Bieb., 1808	6	SPECIES	DOUBTFUL	Plantae	6	Tracheophyta	7707728	Magnoliopsida	220	Sapindales	933	Anacardiaceae	2398	Pistacia	3190459	Pistacia terebinthus	7656386	NE
8363061	Thymus baeticus Boiss. ex Lacaita	8363061	Thymus baeticus Boiss. ex Lacaita	111	SPECIES	ACCEPTED	Plantae	6	Tracheophyta	7707728	Magnoliopsida	220	Lamiales	408	Lamiaceae	2497	Thymus	2926960	Thymus baeticus	8363061	LC
3020791	Prunus avium (L.) L.	3020791	Prunus avium (L.) L.	5	SPECIES	ACCEPTED	Plantae	6	Tracheophyta	7707728	Magnoliopsida	220	Rosales	691	Rosaceae	5015	Prunus	3020559	Prunus avium	3020791	LC
3893120	Teucrium similatum T.Navarro & Rosua	3893120	Teucrium similatum T.Navarro & Rosua	11	SPECIES	ACCEPTED	Plantae	6	Tracheophyta	7707728	Magnoliopsida	220	Lamiales	408	Lamiaceae	2497	Teucrium	2926895	Teucrium similatum	3893120	NE
3066601	Euphorbia flavicoma DC.	3066601	Euphorbia flavicoma DC.	5	SPECIES	ACCEPTED	Plantae	6	Tracheophyta	7707728	Magnoliopsida	220	Malpighiales	1414	Euphorbiaceae	4691	Euphorbia	11397237	Euphorbia flavicoma	3066601	NE
8148659	Crataegus monogyna subsp. brevispina (Kunze) Franco	9220780	Crataegus monogyna Jacq.	204	SUBSPECIES	SYNONYM	Plantae	6	Tracheophyta	7707728	Magnoliopsida	220	Rosales	691	Rosaceae	5015	Crataegus	3013395	Crataegus monogyna	9220780	
8098461	Rosa micrantha Boreau	8098461	Rosa micrantha Boreau	30	SPECIES	DOUBTFUL	Plantae	6	Tracheophyta	7707728	Magnoliopsida	220	Rosales	691	Rosaceae	5015	Rosa	8395064	Rosa micrantha	8098461	NE
7325877	Fraxinus angustifolia Vahl	7325877	Fraxinus angustifolia Vahl	3	SPECIES	ACCEPTED	Plantae	6	Tracheophyta	7707728	Magnoliopsida	220	Lamiales	408	Oleaceae	6652	Fraxinus	3172323	Fraxinus angustifolia	7325877	LC
7769809	Alyssum serpyllifolium L. ex B.D.Jacks.	7769809	Alyssum serpyllifolium L. ex B.D.Jacks.	1	SPECIES	ACCEPTED	Plantae	6	Tracheophyta	7707728	Magnoliopsida	220	Brassicales	7225535	Brassicaceae	3112	Alyssum	3044728	Alyssum serpyllifolium	7769809	NE
5355395	Spartium junceum L.	5355395	Spartium junceum L.	1	SPECIES	ACCEPTED	Plantae	6	Tracheophyta	7707728	Magnoliopsida	220	Fabales	1370	Fabaceae	5386	Spartium	8109416	Spartium junceum	5355395	NE
8428417	Berberis hispanica Boiss. & Reut.	8428417	Berberis hispanica Boiss. & Reut.	218	SPECIES	ACCEPTED	Plantae	6	Tracheophyta	7707728	Magnoliopsida	220	Ranunculales	399	Berberidaceae	6673	Berberis	3033893	Berberis hispanica	8428417	NE
3614373	Paeonia broteri Boiss. & Reut.	3614373	Paeonia broteri Boiss. & Reut.	5	SPECIES	ACCEPTED	Plantae	6	Tracheophyta	7707728	Magnoliopsida	220	Saxifragales	7219248	Paeoniaceae	6711	Paeonia	3083483	Paeonia broteri	3614373	NE
8013467	Acer opalus subsp. granatense (Boiss.) Font Quer & Rothm.	7263116	Acer granatense subsp. granatense	21	SUBSPECIES	SYNONYM	Plantae	6	Tracheophyta	7707728	Magnoliopsida	220	Sapindales	933	Sapindaceae	6657	Acer	3189834	Acer granatense	7263115	
5612066	Cytisus galianoi Talavera & P.E.Gibbs	5354626	Cytisus balansae (Boiss.) Ball	58	SPECIES	SYNONYM	Plantae	6	Tracheophyta	7707728	Magnoliopsida	220	Fabales	1370	Fabaceae	5386	Cytisus	8089532	Cytisus balansae	5354626	NE
7813762	Koeleria vallesiana Asch. & Graebn.	7813762	Koeleria vallesiana Asch. & Graebn.	254	SPECIES	DOUBTFUL	Plantae	6	Tracheophyta	7707728	Liliopsida	196	Poales	1369	Poaceae	3073	Koeleria	2705912	Koeleria vallesiana	7813762	NE
3890861	Lavandula stoechas subsp. caesia Borja & Rivas Goday	7307711	Lavandula stoechas subsp. stoechas	18	SUBSPECIES	SYNONYM	Plantae	6	Tracheophyta	7707728	Magnoliopsida	220	Lamiales	408	Lamiaceae	2497	Lavandula	2927302	Lavandula stoechas	2927303	
3112552	Staehelina dubia L.	3112552	Staehelina dubia L.	11	SPECIES	ACCEPTED	Plantae	6	Tracheophyta	7707728	Magnoliopsida	220	Asterales	414	Asteraceae	3065	Staehelina	3112542	Staehelina dubia	3112552	NE
2927069	Marrubium vulgare L.	2927069	Marrubium vulgare L.	7	SPECIES	ACCEPTED	Plantae	6	Tracheophyta	7707728	Magnoliopsida	220	Lamiales	408	Lamiaceae	2497	Marrubium	2927068	Marrubium vulgare	2927069	NE
2977261	Ononis aragonensis Asso	2977261	Ononis aragonensis Asso	14	SPECIES	ACCEPTED	Plantae	6	Tracheophyta	7707728	Magnoliopsida	220	Fabales	1370	Fabaceae	5386	Ononis	2977094	Ononis aragonensis	2977261	NE
2927177	Mentha longifolia (L.) Huds.	2927177	Mentha longifolia (L.) Huds.	4	SPECIES	ACCEPTED	Plantae	6	Tracheophyta	7707728	Magnoliopsida	220	Lamiales	408	Lamiaceae	2497	Mentha	2927173	Mentha longifolia	2927177	LC
3140490	Lactuca serriola L.	3140490	Lactuca serriola L.	1	SPECIES	ACCEPTED	Plantae	6	Tracheophyta	7707728	Magnoliopsida	220	Asterales	414	Asteraceae	3065	Lactuca	3140231	Lactuca serriola	3140490	NE
2926634	Rosmarinus officinalis L.	3889108	Salvia rosmarinus Schleid.	51	SPECIES	SYNONYM	Plantae	6	Tracheophyta	7707728	Magnoliopsida	220	Lamiales	408	Lamiaceae	2497	Salvia	2926981	Salvia rosmarinus	3889108	NE
5285604	Pinus halepensis Mill.	5285604	Pinus halepensis Mill.	55	SPECIES	ACCEPTED	Plantae	6	Tracheophyta	7707728	Pinopsida	194	Pinales	640	Pinaceae	3925	Pinus	2684241	Pinus halepensis	5285604	LC
3020780	Prunus ramburii Boiss.	3020780	Prunus ramburii Boiss.	141	SPECIES	ACCEPTED	Plantae	6	Tracheophyta	7707728	Magnoliopsida	220	Rosales	691	Rosaceae	5015	Prunus	3020559	Prunus ramburii	3020780	VU
3120019	Achillea odorata Pall.	7222194	Achillea nobilis subsp. nobilis	2	SPECIES	SYNONYM	Plantae	6	Tracheophyta	7707728	Magnoliopsida	220	Asterales	414	Asteraceae	3065	Achillea	3119995	Achillea nobilis	3120024	NE
5668064	Armeria villosa subsp. bernisii Nieto Fel.	5668064	Armeria villosa subsp. bernisii Nieto Fel.	15	SUBSPECIES	ACCEPTED	Plantae	6	Tracheophyta	7707728	Magnoliopsida	220	Caryophyllales	422	Plumbaginaceae	2419	Armeria	3082288	Armeria villosa	7136612	
5384805	Silene latifolia Poir.	5384805	Silene latifolia Poir.	6	SPECIES	ACCEPTED	Plantae	6	Tracheophyta	7707728	Magnoliopsida	220	Caryophyllales	422	Caryophyllaceae	2518	Silene	3085897	Silene latifolia	5384805	NE
2683969	Cupressus arizonica Greene	2683969	Cupressus arizonica Greene	2	SPECIES	ACCEPTED	Plantae	6	Tracheophyta	7707728	Pinopsida	194	Pinales	640	Cupressaceae	8144	Cupressus	10225588	Cupressus arizonica	2683969	LC
7306663	Thymus serpylloides subsp. serpylloides	7306663	Thymus serpylloides subsp. serpylloides	33	SUBSPECIES	ACCEPTED	Plantae	6	Tracheophyta	7707728	Magnoliopsida	220	Lamiales	408	Lamiaceae	2497	Thymus	2926960	Thymus serpylloides	7306662	
5347721	Genista cinerea subsp. speciosa Rivas Mart. et al.	7225001	Genista cinerea subsp. cinerea	42	SUBSPECIES	SYNONYM	Plantae	6	Tracheophyta	7707728	Magnoliopsida	220	Fabales	1370	Fabaceae	5386	Genista	2940025	Genista cinerea	5347718	
2701798	Juncus tingitanus Maire & Weiller	2701798	Juncus tingitanus Maire & Weiller	3	SPECIES	ACCEPTED	Plantae	6	Tracheophyta	7707728	Liliopsida	196	Poales	1369	Juncaceae	5353	Juncus	2701072	Juncus tingitanus	2701798	EN
7308670	Teucrium capitatum L.	7308670	Teucrium capitatum L.	57	SPECIES	ACCEPTED	Plantae	6	Tracheophyta	7707728	Magnoliopsida	220	Lamiales	408	Lamiaceae	2497	Teucrium	2926895	Teucrium capitatum	7308670	NE
3022789	Prunus mahaleb L.	3022789	Prunus mahaleb L.	2	SPECIES	ACCEPTED	Plantae	6	Tracheophyta	7707728	Magnoliopsida	220	Rosales	691	Rosaceae	5015	Prunus	3020559	Prunus mahaleb	3022789	LC
2959219	Echinospartum boissieri (Spach) Rothm.	2959219	Echinospartum boissieri (Spach) Rothm.	69	SPECIES	ACCEPTED	Plantae	6	Tracheophyta	7707728	Magnoliopsida	220	Fabales	1370	Fabaceae	5386	Echinospartum	2959218	Echinospartum boissieri	2959219	LC
2915229	Galium fruticescens Cav.	2915230	Galium lucidum subsp. fruticescens (Cav.) O.Bolòs & Vigo	7	SPECIES	SYNONYM	Plantae	6	Tracheophyta	7707728	Magnoliopsida	220	Gentianales	412	Rubiaceae	8798	Galium	2913027	Galium lucidum	2913863	NE
3034740	Daucus L.	3034740	Daucus L.	1	GENUS	ACCEPTED	Plantae	6	Tracheophyta	7707728	Magnoliopsida	220	Apiales	1351	Apiaceae	6720	Daucus	3034740			NE
3128734	Centaurea pulvinata (Blanca) Blanca	3128734	Centaurea pulvinata (Blanca) Blanca	37	SPECIES	ACCEPTED	Plantae	6	Tracheophyta	7707728	Magnoliopsida	220	Asterales	414	Asteraceae	3065	Centaurea	3127469	Centaurea pulvinata	3128734	VU
6301188	Santolina rosmarinifolia subsp. canescens (Lag.) Nyman	3125946	Santolina canescens Lag.	8	SUBSPECIES	SYNONYM	Plantae	6	Tracheophyta	7707728	Magnoliopsida	220	Asterales	414	Asteraceae	3065	Santolina	3125925	Santolina canescens	3125946	
7461405	Euphorbia nicaeensis Sebast. & Maur.	7461405	Euphorbia nicaeensis Sebast. & Maur.	19	SPECIES	DOUBTFUL	Plantae	6	Tracheophyta	7707728	Magnoliopsida	220	Malpighiales	1414	Euphorbiaceae	4691	Euphorbia	3063749	Euphorbia nicaeensis	7461405	NE
2706465	Agrostis canina L.	2706465	Agrostis canina L.	14	SPECIES	ACCEPTED	Plantae	6	Tracheophyta	7707728	Liliopsida	196	Poales	1369	Poaceae	3073	Agrostis	2706434	Agrostis canina	2706465	LC
4121435	Arrhenatherum album (Vahl) Clayton	4121435	Arrhenatherum album (Vahl) Clayton	1	SPECIES	ACCEPTED	Plantae	6	Tracheophyta	7707728	Liliopsida	196	Poales	1369	Poaceae	3073	Arrhenatherum	2704504	Arrhenatherum album	4121435	NE
9151957	Medicago sativa L.	9151957	Medicago sativa L.	5	SPECIES	ACCEPTED	Plantae	6	Tracheophyta	7707728	Magnoliopsida	220	Fabales	1370	Fabaceae	5386	Medicago	2965200	Medicago sativa	9151957	LC
6375040	Helleborus foetidus L.	6375040	Helleborus foetidus L.	58	SPECIES	ACCEPTED	Plantae	6	Tracheophyta	7707728	Magnoliopsida	220	Ranunculales	399	Ranunculaceae	2410	Helleborus	2741682	Helleborus foetidus	6375040	NE
9201957	Chondrilla juncea Ledeb., 1833	5403804	Chondrilla brevirostris Fisch. & C.A.Mey.	3	SPECIES	SYNONYM	Plantae	6	Tracheophyta	7707728	Magnoliopsida	220	Asterales	414	Asteraceae	3065	Chondrilla	3144317	Chondrilla brevirostris	5403804	NE
3596501	Cistus laurifolius L.	3596501	Cistus laurifolius L.	25	SPECIES	ACCEPTED	Plantae	6	Tracheophyta	7707728	Magnoliopsida	220	Malvales	941	Cistaceae	6635	Cistus	2874026	Cistus laurifolius	3596501	NE
7905886	Thymus mastichina Sm., 1809	7905886	Thymus mastichina Sm., 1809	135	SPECIES	DOUBTFUL	Plantae	6	Tracheophyta	7707728	Magnoliopsida	220	Lamiales	408	Lamiaceae	2497	Thymus	2926960	Thymus mastichina	7905886	NE
7946696	Odontites longiflora (Vahl) Webb	7946696	Odontites longiflora (Vahl) Webb	1	SPECIES	ACCEPTED	Plantae	6	Tracheophyta	7707728	Magnoliopsida	220	Lamiales	408	Orobanchaceae	6651	Odontites	3172217	Odontites longiflora	7946696	NE
2705308	Dactylis glomerata L.	2705308	Dactylis glomerata L.	45	SPECIES	ACCEPTED	Plantae	6	Tracheophyta	7707728	Liliopsida	196	Poales	1369	Poaceae	3073	Dactylis	2705307	Dactylis glomerata	2705308	NE
2881553	Quercus ilex subsp. ballota (Desf.) Bonafé	2881550	Quercus rotundifolia Lam.	356	SUBSPECIES	SYNONYM	Plantae	6	Tracheophyta	7707728	Magnoliopsida	220	Fagales	1354	Fagaceae	4689	Quercus	2877951	Quercus rotundifolia	2881550	
7999850	Juniperus phoenicea Pall.	2684648	Juniperus foetidissima Willd.	20	SPECIES	SYNONYM	Plantae	6	Tracheophyta	7707728	Pinopsida	194	Pinales	640	Cupressaceae	8144	Juniperus	2684359	Juniperus foetidissima	2684648	NE
7999870	Paronychia capitata (L.) Lam.	7999870	Paronychia capitata (L.) Lam.	2	SPECIES	ACCEPTED	Plantae	6	Tracheophyta	7707728	Magnoliopsida	220	Caryophyllales	422	Caryophyllaceae	2518	Paronychia	8020237	Paronychia capitata	7999870	NE
2769766	Ruscus aculeatus L.	2769766	Ruscus aculeatus L.	1	SPECIES	ACCEPTED	Plantae	6	Tracheophyta	7707728	Liliopsida	196	Asparagales	1169	Asparagaceae	7683	Ruscus	2769754	Ruscus aculeatus	2769766	NE
2710971	Scirpus holoschoenus L.	2718201	Scirpoides holoschoenus (L.) Soják	2	SPECIES	SYNONYM	Plantae	6	Tracheophyta	7707728	Liliopsida	196	Poales	1369	Cyperaceae	7708	Scirpoides	2718197	Scirpoides holoschoenus	2718201	LC
2974863	Vicia onobrychioides L.	2974863	Vicia onobrychioides L.	5	SPECIES	ACCEPTED	Plantae	6	Tracheophyta	7707728	Magnoliopsida	220	Fabales	1370	Fabaceae	5386	Vicia	2974751	Vicia onobrychioides	2974863	NE
5347768	Genista umbellata Salzm. ex DC.	5347829	Genista aspalathoides Lam.	59	SPECIES	SYNONYM	Plantae	6	Tracheophyta	7707728	Magnoliopsida	220	Fabales	1370	Fabaceae	5386	Genista	2940025	Genista aspalathoides	5347829	NT
6294629	Centaurea boissieri var. boissieri	6294629	Centaurea boissieri var. boissieri	1	VARIETY	ACCEPTED	Plantae	6	Tracheophyta	7707728	Magnoliopsida	220	Asterales	414	Asteraceae	3065	Centaurea	3127469	Centaurea boissieri	3128001	
7424425	Sedum forsterianum Rchb.	5361991	Sedum sexangulare L.	9	SPECIES	SYNONYM	Plantae	6	Tracheophyta	7707728	Magnoliopsida	220	Saxifragales	7219248	Crassulaceae	2406	Sedum	5361975	Sedum sexangulare	5361991	NE
4246571	Helichrysum italicum var. serotinum (Boiss.) O.Bolòs & Vigo	5831462	Helichrysum serotinum subsp. serotinum	131	VARIETY	SYNONYM	Plantae	6	Tracheophyta	7707728	Magnoliopsida	220	Asterales	414	Asteraceae	3065	Helichrysum	3131108	Helichrysum serotinum	6064877	
5331181	Viola odorata L.	5331181	Viola odorata L.	1	SPECIES	ACCEPTED	Plantae	6	Tracheophyta	7707728	Magnoliopsida	220	Malpighiales	1414	Violaceae	6631	Viola	2874237	Viola odorata	5331181	NE
6371028	Rhamnus saxatilis Jacq.	6371028	Rhamnus saxatilis Jacq.	1	SPECIES	ACCEPTED	Plantae	6	Tracheophyta	7707728	Magnoliopsida	220	Rosales	691	Rhamnaceae	2407	Rhamnus	3039471	Rhamnus saxatilis	6371028	NE
6437976	Cistus ladanifer L.	6437976	Cistus ladanifer L.	3	SPECIES	ACCEPTED	Plantae	6	Tracheophyta	7707728	Magnoliopsida	220	Malvales	941	Cistaceae	6635	Cistus	2874026	Cistus ladanifer	6437976	NE
2703124	Melica ciliata L.	2703124	Melica ciliata L.	6	SPECIES	ACCEPTED	Plantae	6	Tracheophyta	7707728	Liliopsida	196	Poales	1369	Poaceae	3073	Melica	2703093	Melica ciliata	2703124	NE
3067353	Euphorbia characias L.	3067353	Euphorbia characias L.	29	SPECIES	ACCEPTED	Plantae	6	Tracheophyta	7707728	Magnoliopsida	220	Malpighiales	1414	Euphorbiaceae	4691	Euphorbia	11397237	Euphorbia characias	3067353	NE
3040227	Populus nigra L.	3040227	Populus nigra L.	6	SPECIES	ACCEPTED	Plantae	6	Tracheophyta	7707728	Magnoliopsida	220	Malpighiales	1414	Salicaceae	6664	Populus	3040183	Populus nigra	3040227	DD
7331381	Helianthemum cinereum (Cav.) Pers.	7331381	Helianthemum cinereum (Cav.) Pers.	37	SPECIES	ACCEPTED	Plantae	6	Tracheophyta	7707728	Magnoliopsida	220	Malvales	941	Cistaceae	6635	Helianthemum	2874068	Helianthemum cinereum	7331381	NE
7308613	Teucrium compactum Clemente ex Lag.	7308613	Teucrium compactum Clemente ex Lag.	59	SPECIES	ACCEPTED	Plantae	6	Tracheophyta	7707728	Magnoliopsida	220	Lamiales	408	Lamiaceae	2497	Teucrium	2926895	Teucrium compactum	7308613	NE
2959128	Dorycnium pentaphyllum Scop.	5632022	Lotus dorycnium L.	29	SPECIES	SYNONYM	Plantae	6	Tracheophyta	7707728	Magnoliopsida	220	Fabales	1370	Fabaceae	5386	Lotus	10220564	Lotus dorycnium	5632022	NE
7327863	Erica terminalis Klotzsch	5682009	Erica curvifolia Salisb.	1	SPECIES	SYNONYM	Plantae	6	Tracheophyta	7707728	Magnoliopsida	220	Ericales	1353	Ericaceae	2505	Erica	2882780	Erica curvifolia	5682009	NE
3891315	Lavandula lanata Boiss.	3891315	Lavandula lanata Boiss.	90	SPECIES	ACCEPTED	Plantae	6	Tracheophyta	7707728	Magnoliopsida	220	Lamiales	408	Lamiaceae	2497	Lavandula	2927302	Lavandula lanata	3891315	LC
2684030	Cupressus sempervirens L.	2684030	Cupressus sempervirens L.	4	SPECIES	ACCEPTED	Plantae	6	Tracheophyta	7707728	Pinopsida	194	Pinales	640	Cupressaceae	8144	Cupressus	10225588	Cupressus sempervirens	2684030	LC
3140457	Lactuca tenerrima Pourr.	3140457	Lactuca tenerrima Pourr.	9	SPECIES	ACCEPTED	Plantae	6	Tracheophyta	7707728	Magnoliopsida	220	Asterales	414	Asteraceae	3065	Lactuca	3140231	Lactuca tenerrima	3140457	NE
8406533	Pinus uncinata Steud.	8406533	Pinus uncinata Steud.	6	SPECIES	DOUBTFUL	Plantae	6	Tracheophyta	7707728	Pinopsida	194	Pinales	640	Pinaceae	3925	Pinus	2684241	Pinus uncinata	8406533	NE
5376895	Lepidium petrophilum Coss.	5376874	Lepidium hirtum (L.) Sm.	2	SPECIES	SYNONYM	Plantae	6	Tracheophyta	7707728	Magnoliopsida	220	Brassicales	7225535	Brassicaceae	3112	Lepidium	3051713	Lepidium hirtum	5376874	NE
2685464	Abies pinsapo Boiss.	2685464	Abies pinsapo Boiss.	1	SPECIES	ACCEPTED	Plantae	6	Tracheophyta	7707728	Pinopsida	194	Pinales	640	Pinaceae	3925	Abies	2684876	Abies pinsapo	2685464	EN
4165703	Arctostaphylos uva-ursi subsp. crassifolia (Braun-Blanq.) Rivas Mart. ex De la Torre, F.Alcaraz & M.B.Crespo	4165703	Arctostaphylos uva-ursi subsp. crassifolia (Braun-Blanq.) Rivas Mart. ex De la Torre, F.Alcaraz & M.B.Crespo	11	SUBSPECIES	ACCEPTED	Plantae	6	Tracheophyta	7707728	Magnoliopsida	220	Ericales	1353	Ericaceae	2505	Arctostaphylos	2882486	Arctostaphylos uva-ursi	2882580	
5414995	Digitalis purpurea L.	5414995	Digitalis purpurea L.	18	SPECIES	ACCEPTED	Plantae	6	Tracheophyta	7707728	Magnoliopsida	220	Lamiales	408	Plantaginaceae	2420	Digitalis	3172032	Digitalis purpurea	5414995	NE
11058681	Pinus ponderosa Douglas ex Loudon, 1838	11058681	Pinus ponderosa Douglas ex Loudon, 1838	2	SPECIES	DOUBTFUL	Plantae	6	Tracheophyta	7707728	Pinopsida	194	Pinales	640	Pinaceae	3925	Pinus	2684241	Pinus ponderosa	11058681	NE
3701787	Coriaria myrtifolia L.	3701787	Coriaria myrtifolia L.	1	SPECIES	ACCEPTED	Plantae	6	Tracheophyta	7707728	Magnoliopsida	220	Cucurbitales	7224005	Coriariaceae	3701754	Coriaria	7323108	Coriaria myrtifolia	3701787	NE
3054368	Juglans regia L.	3054368	Juglans regia L.	2	SPECIES	ACCEPTED	Plantae	6	Tracheophyta	7707728	Magnoliopsida	220	Fagales	1354	Juglandaceae	2499	Juglans	3054350	Juglans regia	3054368	LC
3141571	Mantisalca salmantica (L.) Briq. & Cavill.	3141571	Mantisalca salmantica (L.) Briq. & Cavill.	3	SPECIES	ACCEPTED	Plantae	6	Tracheophyta	7707728	Magnoliopsida	220	Asterales	414	Asteraceae	3065	Mantisalca	3141558	Mantisalca salmantica	3141571	NE
5347816	Genista florida L.	5347816	Genista florida L.	13	SPECIES	ACCEPTED	Plantae	6	Tracheophyta	7707728	Magnoliopsida	220	Fabales	1370	Fabaceae	5386	Genista	2940025	Genista florida	5347816	NE
3595430	Helianthemum syriacum (Jacq.) Dum.Cours.	3595430	Helianthemum syriacum (Jacq.) Dum.Cours.	7	SPECIES	ACCEPTED	Plantae	6	Tracheophyta	7707728	Magnoliopsida	220	Malvales	941	Cistaceae	6635	Helianthemum	2874068	Helianthemum syriacum	3595430	NE
2952000	Ulex parviflorus Pourr.	2952000	Ulex parviflorus Pourr.	151	SPECIES	ACCEPTED	Plantae	6	Tracheophyta	7707728	Magnoliopsida	220	Fabales	1370	Fabaceae	5386	Ulex	2951953	Ulex parviflorus	2952000	NE
3898018	Salvia lavandulifolia var. vellerea (Cuatrec.) Rosua & Blanca	6409633	Salvia blancoana subsp. vellerea (Cuatrec.) W.Lippert	55	VARIETY	SYNONYM	Plantae	6	Tracheophyta	7707728	Magnoliopsida	220	Lamiales	408	Lamiaceae	2497	Salvia	2926981	Salvia blancoana	7351266	
5403709	Crepis vesicaria L.	5403709	Crepis vesicaria L.	6	SPECIES	ACCEPTED	Plantae	6	Tracheophyta	7707728	Magnoliopsida	220	Asterales	414	Asteraceae	3065	Crepis	3143303	Crepis vesicaria	5403709	NE
6312803	Arrhenatherum elatius f. bulbosum (Willd.) T.Koyama	7987633	Arrhenatherum elatius subsp. bulbosum (Willd.) Schübl. & G.Martens	22	FORM	SYNONYM	Plantae	6	Tracheophyta	7707728	Liliopsida	196	Poales	1369	Poaceae	3073	Arrhenatherum	2704504	Arrhenatherum elatius	2704505	
8061410	Scabiosa turolensis Pau	8061410	Scabiosa turolensis Pau	15	SPECIES	ACCEPTED	Plantae	6	Tracheophyta	7707728	Magnoliopsida	220	Dipsacales	946	Caprifoliaceae	6710	Scabiosa	2888800	Scabiosa turolensis	8061410	NE
3033558	Clematis vitalba L.	3033558	Clematis vitalba L.	6	SPECIES	ACCEPTED	Plantae	6	Tracheophyta	7707728	Magnoliopsida	220	Ranunculales	399	Ranunculaceae	2410	Clematis	3033512	Clematis vitalba	3033558	NE
7694064	Lonicera periclymenum subsp. hispanica (Boiss. & Reut.) Nyman	7694064	Lonicera periclymenum subsp. hispanica (Boiss. & Reut.) Nyman	2	SUBSPECIES	ACCEPTED	Plantae	6	Tracheophyta	7707728	Magnoliopsida	220	Dipsacales	946	Caprifoliaceae	6710	Lonicera	2888645	Lonicera periclymenum	5334277	
2977149	Ononis spinosa L.	2977149	Ononis spinosa L.	38	SPECIES	ACCEPTED	Plantae	6	Tracheophyta	7707728	Magnoliopsida	220	Fabales	1370	Fabaceae	5386	Ononis	2977094	Ononis spinosa	2977149	NE
5295044	Smilax aspera L.	5295044	Smilax aspera L.	5	SPECIES	ACCEPTED	Plantae	6	Tracheophyta	7707728	Liliopsida	196	Liliales	1172	Smilacaceae	7702	Smilax	2740627	Smilax aspera	5295044	NE
4155330	Plantago radicata subsp. granatensis (Willk.) Rivas Mart., A.Asensi, Molero Mesa & F.Valle	8067043	Plantago subulata L.	1	SUBSPECIES	SYNONYM	Plantae	6	Tracheophyta	7707728	Magnoliopsida	220	Lamiales	408	Plantaginaceae	2420	Plantago	3189695	Plantago subulata	8067043	
5584540	Arenaria pungens Nutt.	7801717	Sabulina nuttallii (Pax) Dillenb. & Kadereit	6	SPECIES	SYNONYM	Plantae	6	Tracheophyta	7707728	Magnoliopsida	220	Caryophyllales	422	Caryophyllaceae	2518	Sabulina	3085409	Sabulina nuttallii	7801717	NE
3134857	Lapsana communis L.	3134857	Lapsana communis L.	2	SPECIES	ACCEPTED	Plantae	6	Tracheophyta	7707728	Magnoliopsida	220	Asterales	414	Asteraceae	3065	Lapsana	3134850	Lapsana communis	3134857	NE
3025671	Cotoneaster granatensis Boiss.	3025671	Cotoneaster granatensis Boiss.	29	SPECIES	ACCEPTED	Plantae	6	Tracheophyta	7707728	Magnoliopsida	220	Rosales	691	Rosaceae	5015	Cotoneaster	3025563	Cotoneaster granatensis	3025671	NE
5392456	Jurinea humilis (Desf.) DC.	5392456	Jurinea humilis (Desf.) DC.	1	SPECIES	ACCEPTED	Plantae	6	Tracheophyta	7707728	Magnoliopsida	220	Asterales	414	Asteraceae	3065	Jurinea	3109185	Jurinea humilis	5392456	NE
7262958	Acer monspessulanum L.	7262958	Acer monspessulanum L.	1	SPECIES	ACCEPTED	Plantae	6	Tracheophyta	7707728	Magnoliopsida	220	Sapindales	933	Sapindaceae	6657	Acer	3189834	Acer monspessulanum	7262958	LC
3125944	Santolina rosmarinifolia L.	3125944	Santolina rosmarinifolia L.	52	SPECIES	ACCEPTED	Plantae	6	Tracheophyta	7707728	Magnoliopsida	220	Asterales	414	Asteraceae	3065	Santolina	3125925	Santolina rosmarinifolia	3125944	NE
8164710	Marrubium supinum Hu. ex C.Pei	8164710	Marrubium supinum Hu. ex C.Pei	40	SPECIES	DOUBTFUL	Plantae	6	Tracheophyta	7707728	Magnoliopsida	220	Lamiales	408	Lamiaceae	2497	Marrubium	2927068	Marrubium supinum	8164710	NE
7311536	Daphne oleoides Schreb.	7311536	Daphne oleoides Schreb.	3	SPECIES	ACCEPTED	Plantae	6	Tracheophyta	7707728	Magnoliopsida	220	Malvales	941	Thymelaeaceae	2428	Daphne	3188453	Daphne oleoides	7311536	NE
3013206	Sorbus domestica L.	3013215	Cormus domestica (L.) Spach	4	SPECIES	SYNONYM	Plantae	6	Tracheophyta	7707728	Magnoliopsida	220	Rosales	691	Rosaceae	5015	Cormus	3025305	Cormus domestica	3013215	LC
5372952	Salix caprea L.	5372952	Salix caprea L.	1	SPECIES	ACCEPTED	Plantae	6	Tracheophyta	7707728	Magnoliopsida	220	Malpighiales	1414	Salicaceae	6664	Salix	3039576	Salix caprea	5372952	LC
8004571	Clinopodium vulgare subsp. arundanum (Boiss.) Nyman	8004571	Clinopodium vulgare subsp. arundanum (Boiss.) Nyman	9	SUBSPECIES	ACCEPTED	Plantae	6	Tracheophyta	7707728	Magnoliopsida	220	Lamiales	408	Lamiaceae	2497	Clinopodium	2926907	Clinopodium vulgare	2926945	
5015	Rosaceae	5015	Rosaceae	1	FAMILY	ACCEPTED	Plantae	6	Tracheophyta	7707728	Magnoliopsida	220	Rosales	691	Rosaceae	5015					NE
2965093	Retama sphaerocarpa (L.) Boiss.	2965093	Retama sphaerocarpa (L.) Boiss.	56	SPECIES	ACCEPTED	Plantae	6	Tracheophyta	7707728	Magnoliopsida	220	Fabales	1370	Fabaceae	5386	Retama	8216180	Retama sphaerocarpa	2965093	NE
2977276	Ononis speciosa Lag.	2977276	Ononis speciosa Lag.	12	SPECIES	ACCEPTED	Plantae	6	Tracheophyta	7707728	Magnoliopsida	220	Fabales	1370	Fabaceae	5386	Ononis	2977094	Ononis speciosa	2977276	NE
3008098	Rosa pouzinii Tratt.	3008098	Rosa pouzinii Tratt.	23	SPECIES	ACCEPTED	Plantae	6	Tracheophyta	7707728	Magnoliopsida	220	Rosales	691	Rosaceae	5015	Rosa	8395064	Rosa pouzinii	3008098	NE
5559052	Digitalis obscura L.	5559052	Digitalis obscura L.	7	SPECIES	ACCEPTED	Plantae	6	Tracheophyta	7707728	Magnoliopsida	220	Lamiales	408	Plantaginaceae	2420	Digitalis	3172032	Digitalis obscura	5559052	NE
7331304	Fumana ericoides Pau	7331304	Fumana ericoides Pau	12	SPECIES	DOUBTFUL	Plantae	6	Tracheophyta	7707728	Magnoliopsida	220	Malvales	941	Cistaceae	6635	Fumana	7331269	Fumana ericoides	7331304	NE
5333294	Castanea sativa Mill.	5333294	Castanea sativa Mill.	1	SPECIES	ACCEPTED	Plantae	6	Tracheophyta	7707728	Magnoliopsida	220	Fagales	1354	Fagaceae	4689	Castanea	2882140	Castanea sativa	5333294	LC
7628495	Sedum annuum All., 1785	7628495	Sedum annuum All., 1785	1	SPECIES	DOUBTFUL	Plantae	6	Tracheophyta	7707728	Magnoliopsida	220	Saxifragales	7219248	Crassulaceae	2406	Sedum	7801254	Sedum annuum	7628495	NE
2928390	Convolvulus arvensis L.	2928390	Convolvulus arvensis L.	1	SPECIES	ACCEPTED	Plantae	6	Tracheophyta	7707728	Magnoliopsida	220	Solanales	1176	Convolvulaceae	2389	Convolvulus	2928386	Convolvulus arvensis	2928390	NE
9298571	Helianthemum apenninum subsp. stoechadifolium (Brot.) Samp.	9298571	Helianthemum apenninum subsp. stoechadifolium (Brot.) Samp.	6	SUBSPECIES	ACCEPTED	Plantae	6	Tracheophyta	7707728	Magnoliopsida	220	Malvales	941	Cistaceae	6635	Helianthemum	2874068	Helianthemum apenninum	9823314	
7333092	Verbascum giganteum Willk.	7333092	Verbascum giganteum Willk.	8	SPECIES	ACCEPTED	Plantae	6	Tracheophyta	7707728	Magnoliopsida	220	Lamiales	408	Scrophulariaceae	2390	Verbascum	2928970	Verbascum giganteum	7333092	NE
7366349	Centaurea bombycina Boiss., 1838	7366349	Centaurea bombycina Boiss., 1838	5	SPECIES	DOUBTFUL	Plantae	6	Tracheophyta	7707728	Magnoliopsida	220	Asterales	414	Asteraceae	3065	Centaurea	3127469	Centaurea bombycina	7366349	NE
8351737	Hedera helix L.	8351737	Hedera helix L.	8	SPECIES	ACCEPTED	Plantae	6	Tracheophyta	7707728	Magnoliopsida	220	Apiales	1351	Araliaceae	8800	Hedera	3036021	Hedera helix	8351737	NE
3832369	Ruta montana Mill.	8019513	Ruta montana (L.) L.	1	SPECIES	SYNONYM	Plantae	6	Tracheophyta	7707728	Magnoliopsida	220	Sapindales	933	Rutaceae	2396	Ruta	3190380	Ruta montana	8019513	NE
4122446	Festuca indigesta Boiss.	4122446	Festuca indigesta Boiss.	182	SPECIES	ACCEPTED	Plantae	6	Tracheophyta	7707728	Liliopsida	196	Poales	1369	Poaceae	3073	Festuca	2704913	Festuca indigesta	4122446	NE
7331316	Helianthemum almeriense Pau	7331316	Helianthemum almeriense Pau	2	SPECIES	ACCEPTED	Plantae	6	Tracheophyta	7707728	Magnoliopsida	220	Malvales	941	Cistaceae	6635	Helianthemum	2874068	Helianthemum almeriense	7331316	NE
7307046	Phlomis purpurea L.	7307046	Phlomis purpurea L.	2	SPECIES	ACCEPTED	Plantae	6	Tracheophyta	7707728	Magnoliopsida	220	Lamiales	408	Lamiaceae	2497	Phlomis	2927450	Phlomis purpurea	7307046	NE
7331346	Cistus clusii Dunal	7331346	Cistus clusii Dunal	56	SPECIES	ACCEPTED	Plantae	6	Tracheophyta	7707728	Magnoliopsida	220	Malvales	941	Cistaceae	6635	Cistus	2874026	Cistus clusii	7331346	NE
5598747	Lonicera arborea Boiss.	5598747	Lonicera arborea Boiss.	21	SPECIES	ACCEPTED	Plantae	6	Tracheophyta	7707728	Magnoliopsida	220	Dipsacales	946	Caprifoliaceae	6710	Lonicera	2888645	Lonicera arborea	5598747	NE
7963890	Juniperus sabina L.	7963890	Juniperus sabina L.	10	SPECIES	ACCEPTED	Plantae	6	Tracheophyta	7707728	Pinopsida	194	Pinales	640	Cupressaceae	8144	Juniperus	2684359	Juniperus sabina	7963890	LC
7265227	Osyris L.	7265227	Osyris L.	1	GENUS	ACCEPTED	Plantae	6	Tracheophyta	7707728	Magnoliopsida	220	Santalales	934	Santalaceae	6661	Osyris	7265227			NE
2874030	Cistus monspeliensis L.	2874030	Cistus monspeliensis L.	1	SPECIES	ACCEPTED	Plantae	6	Tracheophyta	7707728	Magnoliopsida	220	Malvales	941	Cistaceae	6635	Cistus	2874026	Cistus monspeliensis	2874030	LC
7331291	Helianthemum apenninum subsp. apenninum	7331291	Helianthemum apenninum subsp. apenninum	3	SUBSPECIES	ACCEPTED	Plantae	6	Tracheophyta	7707728	Magnoliopsida	220	Malvales	941	Cistaceae	6635	Helianthemum	2874068	Helianthemum apenninum	9823314	
3898342	Teucrium bicoloreum Pau ex Vicioso	3898342	Teucrium bicoloreum Pau ex Vicioso	11	SPECIES	ACCEPTED	Plantae	6	Tracheophyta	7707728	Magnoliopsida	220	Lamiales	408	Lamiaceae	2497	Teucrium	2926895	Teucrium bicoloreum	3898342	NE
7357319	Genista versicolor Boiss. ex Steud., 1840	7357319	Genista versicolor Boiss. ex Steud., 1840	166	SPECIES	DOUBTFUL	Plantae	6	Tracheophyta	7707728	Magnoliopsida	220	Fabales	1370	Fabaceae	5386	Genista	8294717	Genista versicolor	7357319	NE
8334140	Sedum sediforme (Schweinf.) Raym.-Hamet	5689819	Sedum crassularia Raym.-Hamet	68	SPECIES	SYNONYM	Plantae	6	Tracheophyta	7707728	Magnoliopsida	220	Saxifragales	7219248	Crassulaceae	2406	Sedum	5361975	Sedum crassularia	5689819	NE
2913027	Galium L.	2913027	Galium L.	1	GENUS	ACCEPTED	Plantae	6	Tracheophyta	7707728	Magnoliopsida	220	Gentianales	412	Rubiaceae	8798	Galium	2913027			NE
5275012	Pteridium aquilinum (L.) Kuhn	5275012	Pteridium aquilinum (L.) Kuhn	9	SPECIES	ACCEPTED	Plantae	6	Tracheophyta	7707728	Polypodiopsida	7228684	Polypodiales	392	Dennstaedtiaceae	6623	Pteridium	5275011	Pteridium aquilinum	5275012	NE
7267618	Silene mellifera Boiss. & Reut.	7267618	Silene mellifera Boiss. & Reut.	22	SPECIES	ACCEPTED	Plantae	6	Tracheophyta	7707728	Magnoliopsida	220	Caryophyllales	422	Caryophyllaceae	2518	Silene	3085897	Silene mellifera	7267618	NE
7296321	Viola riviniana Rchb.	7296321	Viola riviniana Rchb.	2	SPECIES	ACCEPTED	Plantae	6	Tracheophyta	7707728	Magnoliopsida	220	Malpighiales	1414	Violaceae	6631	Viola	2874237	Viola riviniana	7296321	NE
3595820	Halimium umbellatum subsp. viscosum (Willk.) O.Bolòs & Vigo	3595820	Halimium umbellatum subsp. viscosum (Willk.) O.Bolòs & Vigo	100	SUBSPECIES	ACCEPTED	Plantae	6	Tracheophyta	7707728	Magnoliopsida	220	Malvales	941	Cistaceae	6635	Halimium	6437972	Halimium umbellatum	7331332	
3029430	Sanguisorba minor Scop.	7220805	Poterium sanguisorba subsp. sanguisorba	143	SPECIES	SYNONYM	Plantae	6	Tracheophyta	7707728	Magnoliopsida	220	Rosales	691	Rosaceae	5015	Poterium	3001016	Poterium sanguisorba	5364245	NE
3138230	Carthamus lanatus L.	3138230	Carthamus lanatus L.	28	SPECIES	ACCEPTED	Plantae	6	Tracheophyta	7707728	Magnoliopsida	220	Asterales	414	Asteraceae	3065	Carthamus	3138214	Carthamus lanatus	3138230	NE
2879175	Quercus coccifera L.	2879175	Quercus coccifera L.	22	SPECIES	ACCEPTED	Plantae	6	Tracheophyta	7707728	Magnoliopsida	220	Fagales	1354	Fagaceae	4689	Quercus	2877951	Quercus coccifera	2879175	LC
5386	Fabaceae	5386	Fabaceae	16	FAMILY	ACCEPTED	Plantae	6	Tracheophyta	7707728	Magnoliopsida	220	Fabales	1370	Fabaceae	5386					NE
7942614	Rhamnus lycioides Brot.	7273886	Rhamnus oleoides subsp. oleoides	7	SPECIES	SYNONYM	Plantae	6	Tracheophyta	7707728	Magnoliopsida	220	Rosales	691	Rhamnaceae	2407	Rhamnus	3039471	Rhamnus oleoides	7867604	NE
2704468	Stipa tenacissima L.	2704468	Stipa tenacissima L.	40	SPECIES	ACCEPTED	Plantae	6	Tracheophyta	7707728	Liliopsida	196	Poales	1369	Poaceae	3073	Stipa	2704463	Stipa tenacissima	2704468	VU
9051413	Mentha pulegium Luce	9051413	Mentha pulegium Luce	6	SPECIES	DOUBTFUL	Plantae	6	Tracheophyta	7707728	Magnoliopsida	220	Lamiales	408	Lamiaceae	2497	Mentha	2927173	Mentha pulegium	9051413	NE
3024294	Geum L.	3024294	Geum L.	3	GENUS	ACCEPTED	Plantae	6	Tracheophyta	7707728	Magnoliopsida	220	Rosales	691	Rosaceae	5015	Geum	3024294			NE
2890541	Geranium purpureum Vill.	2890541	Geranium purpureum Vill.	1	SPECIES	ACCEPTED	Plantae	6	Tracheophyta	7707728	Magnoliopsida	220	Geraniales	624	Geraniaceae	4676	Geranium	2889949	Geranium purpureum	2890541	NE
3050712	Hormathophylla spinosa (L.) P.Küpfer	3050712	Hormathophylla spinosa (L.) P.Küpfer	75	SPECIES	ACCEPTED	Plantae	6	Tracheophyta	7707728	Magnoliopsida	220	Brassicales	7225535	Brassicaceae	3112	Hormathophylla	3050677	Hormathophylla spinosa	3050712	NE
3105508	Andryala integrifolia L.	3105508	Andryala integrifolia L.	13	SPECIES	ACCEPTED	Plantae	6	Tracheophyta	7707728	Magnoliopsida	220	Asterales	414	Asteraceae	3065	Andryala	3105480	Andryala integrifolia	3105508	NE
5341443	Thymus pulegioides L.	5341443	Thymus pulegioides L.	18	SPECIES	ACCEPTED	Plantae	6	Tracheophyta	7707728	Magnoliopsida	220	Lamiales	408	Lamiaceae	2497	Thymus	2926960	Thymus pulegioides	5341443	NE
3105533	Andryala ragusina L.	3105533	Andryala ragusina L.	10	SPECIES	ACCEPTED	Plantae	6	Tracheophyta	7707728	Magnoliopsida	220	Asterales	414	Asteraceae	3065	Andryala	3105480	Andryala ragusina	3105533	NE
3023878	Amelanchier ovalis Medik.	3023878	Amelanchier ovalis Medik.	51	SPECIES	ACCEPTED	Plantae	6	Tracheophyta	7707728	Magnoliopsida	220	Rosales	691	Rosaceae	5015	Amelanchier	3023817	Amelanchier ovalis	3023878	NE
3809220	Dianthus pungens subsp. brachyanthus (Boiss.) Bernal, Fern.Casas, G.López, M.Laínz & Muñoz Garm.	3809220	Dianthus pungens subsp. brachyanthus (Boiss.) Bernal, Fern.Casas, G.López, M.Laínz & Muñoz Garm.	23	SUBSPECIES	ACCEPTED	Plantae	6	Tracheophyta	7707728	Magnoliopsida	220	Caryophyllales	422	Caryophyllaceae	2518	Dianthus	3085411	Dianthus pungens	8330248	
3146150	Picnomon acarna (L.) Cass.	3146150	Picnomon acarna (L.) Cass.	10	SPECIES	ACCEPTED	Plantae	6	Tracheophyta	7707728	Magnoliopsida	220	Asterales	414	Asteraceae	3065	Picnomon	3146149	Picnomon acarna	3146150	NE
7956664	Quercus faginea Ten.	7226619	Quercus pubescens subsp. pubescens	7	SPECIES	SYNONYM	Plantae	6	Tracheophyta	7707728	Magnoliopsida	220	Fagales	1354	Fagaceae	4689	Quercus	2877951	Quercus pubescens	2881283	NE
7331435	Cistus albidus L.	7331435	Cistus albidus L.	76	SPECIES	ACCEPTED	Plantae	6	Tracheophyta	7707728	Magnoliopsida	220	Malvales	941	Cistaceae	6635	Cistus	2874026	Cistus albidus	7331435	NE
7732806	Lonicera etrusca Ten.	5598568	Lonicera stabiana Pasq.	3	SPECIES	SYNONYM	Plantae	6	Tracheophyta	7707728	Magnoliopsida	220	Dipsacales	946	Caprifoliaceae	6710	Lonicera	2888645	Lonicera stabiana	5598568	NE
3895398	Acinos alpinus subsp. meridionalis (Nyman) P.W.Ball	3888325	Clinopodium alpinum subsp. meridionale (Nyman) Govaerts	19	SUBSPECIES	SYNONYM	Plantae	6	Tracheophyta	7707728	Magnoliopsida	220	Lamiales	408	Lamiaceae	2497	Clinopodium	2926907	Clinopodium alpinum	7307319	
3096840	Ptilostemon hispanicus (Lam.) Greuter	3096840	Ptilostemon hispanicus (Lam.) Greuter	89	SPECIES	ACCEPTED	Plantae	6	Tracheophyta	7707728	Magnoliopsida	220	Asterales	414	Asteraceae	3065	Ptilostemon	3096839	Ptilostemon hispanicus	3096840	NE
2739695	Merendera pyrenaica (Pourr.) P.Fourn.	2739671	Colchicum montanum L.	1	SPECIES	SYNONYM	Plantae	6	Tracheophyta	7707728	Liliopsida	196	Liliales	1172	Colchicaceae	7697	Colchicum	2739608	Colchicum montanum	2739671	NE
7301101	Knautia subscaposa Boiss. & Reut.	7301101	Knautia subscaposa Boiss. & Reut.	2	SPECIES	ACCEPTED	Plantae	6	Tracheophyta	7707728	Magnoliopsida	220	Dipsacales	946	Caprifoliaceae	6710	Knautia	2888807	Knautia subscaposa	7301101	NE
